,epsilon,pre,recall,F1,NSC,PSC,NRC,PRC,pre,recall,F1,NSC,PSC,NRC,PRC,pre,recall,F1,NSC,PSC,NRC,PRC,pre,recall,F1,NSC,PSC,NRC,PRC,pre,recall,F1,NSC,PSC,NRC,PRC,pre,recall,F1,NSC,PSC,NRC,PRC,pre,recall,F1,NSC,PSC,NRC,PRC,pre,recall,F1,NSC,PSC,NRC,PRC,pre,recall,F1,NSC,PSC,NRC,PRC,pre,recall,F1,NSC,PSC,NRC,PRC,pre,recall,F1,NSC,PSC,NRC,PRC,pre,recall,F1,NSC,PSC,NRC,PRC,pre,recall,F1,NSC,PSC,NRC,PRC,pre,recall,F1,NSC,PSC,NRC,PRC,pre,recall,F1,NSC,PSC,NRC,PRC,pre,recall,F1,NSC,PSC,NRC,PRC,pre,recall,F1,NSC,PSC,NRC,PRC,pre,recall,F1,NSC,PSC,NRC,PRC,pre,recall,F1,NSC,PSC,NRC,PRC,pre,recall,F1,NSC,PSC,NRC,PRC,pre,recall,F1,NSC,PSC,NRC,PRC,pre,recall,F1,NSC,PSC,NRC,PRC,pre,recall,F1,NSC,PSC,NRC,PRC,pre,recall,F1,NSC,PSC,NRC,PRC,acc,macro-F1,micro-F1
0,0.0,0.0,0.0,0.0,0,0,0,0,0.5,0.6666666666666666,0.5714285714285715,0,0,0,0,0.5,0.5,0.5,0,0,0,0,1.0,0.9090909090909091,0.9523809523809523,0,0,0,0,0.6,0.48,0.5333333333333332,0,0,0,0,0.6071428571428571,0.6296296296296297,0.6181818181818182,0,0,0,0,0.8571428571428571,1.0,0.923076923076923,0,0,0,0,0.5,0.25,0.3333333333333333,0,0,0,0,0.6,1.0,0.7499999999999999,0,0,0,0,0.7407407407407407,0.8333333333333334,0.7843137254901961,0,0,0,0,0.0,0.0,0.0,0,0,0,0,0.0,0.0,0.0,0,0,0,0,0.0,0.0,0.0,0,0,0,0,0.8333333333333334,0.9523809523809523,0.888888888888889,0,0,0,0,0.75,1.0,0.8571428571428571,0,0,0,0,0.5714285714285714,1.0,0.7272727272727273,0,0,0,0,0.6,0.5,0.5454545454545454,0,0,0,0,0.6,0.6,0.6,0,0,0,0,0.72,0.75,0.7346938775510204,0,0,0,0,0.4444444444444444,0.4444444444444444,0.4444444444444444,0,0,0,0,0.7142857142857143,0.8333333333333334,0.7692307692307692,0,0,0,0,0.5625,0.8181818181818182,0.6666666666666666,0,0,0,0,1.0,1.0,1.0,0,0,0,0,0.8571428571428571,0.75,0.7999999999999999,0,0,0,0,0.690677966101695,0.5833268097448769,0.690677966101695
1,0.0,0.02145922746781116,1.0,0.04201680672268908,0,231,0,4,0.6,1.0,0.7499999999999999,0,1,0,2,0.6666666666666666,1.0,0.8,0,2,0,2,1.0,0.9090909090909091,0.9523809523809523,0,0,0,0,0.7575757575757576,1.0,0.8620689655172413,0,13,0,2,0.7105263157894737,1.0,0.8307692307692308,0,10,0,2,0.8571428571428571,1.0,0.923076923076923,0,0,0,2,0.8,1.0,0.888888888888889,0,3,0,2,0.6,1.0,0.7499999999999999,0,0,0,2,0.7741935483870968,1.0,0.8727272727272727,0,4,0,2,0.012875536480686695,1.0,0.02542372881355932,0,232,0,4,0.0,0.0,0.0,0,0,0,0,0.017167381974248927,1.0,0.03375527426160338,0,231,0,4,0.84,1.0,0.9130434782608696,0,1,0,2,0.75,1.0,0.8571428571428571,0,0,0,2,0.5714285714285714,1.0,0.7272727272727273,0,0,0,2,0.75,1.0,0.8571428571428571,0,3,0,2,0.7142857142857143,1.0,0.8333333333333333,0,2,0,2,0.7741935483870968,1.0,0.8727272727272727,0,6,0,2,0.6428571428571429,1.0,0.782608695652174,0,5,0,2,0.75,1.0,0.8571428571428571,0,1,0,2,0.6111111111111112,1.0,0.7586206896551725,0,2,0,2,1.0,1.0,1.0,0,0,0,0,0.8888888888888888,1.0,0.9411764705882353,0,2,0,2,0.1228813559322034,0.18641999226111375,0.1228813559322034
2,0.0001,0.02145922746781116,1.0,0.04201680672268908,0,231,0,4,1.0,1.0,1.0,2,1,48,2,1.0,1.0,1.0,2,2,48,2,1.0,0.9090909090909091,0.9523809523809523,0,0,48,0,1.0,1.0,1.0,8,13,48,2,1.0,1.0,1.0,11,10,48,2,1.0,1.0,1.0,1,0,48,2,1.0,1.0,1.0,1,3,48,2,1.0,1.0,1.0,2,0,48,2,1.0,1.0,1.0,7,4,48,2,0.012875536480686695,1.0,0.02542372881355932,0,232,0,4,0.0,0.0,0.0,0,0,0,0,0.017167381974248927,1.0,0.03375527426160338,0,231,0,4,1.0,1.0,1.0,4,1,48,2,1.0,1.0,1.0,1,0,48,2,1.0,1.0,1.0,3,0,48,2,1.0,1.0,1.0,2,3,48,2,1.0,1.0,1.0,2,2,48,2,1.0,1.0,1.0,7,6,48,2,1.0,1.0,1.0,5,5,48,2,1.0,1.0,1.0,2,1,48,2,1.0,1.0,1.0,7,2,48,2,1.0,1.0,1.0,0,0,48,0,1.0,1.0,1.0,1,2,48,2,0.1228813559322034,0.18641999226111375,0.1228813559322034
3,0.0002,0.02145922746781116,1.0,0.04201680672268908,0,231,0,4,1.0,1.0,1.0,2,1,48,2,1.0,1.0,1.0,2,2,48,2,1.0,0.9090909090909091,0.9523809523809523,0,0,48,0,1.0,1.0,1.0,8,13,48,2,1.0,1.0,1.0,11,10,48,2,1.0,1.0,1.0,1,0,48,2,1.0,1.0,1.0,1,3,48,2,1.0,1.0,1.0,2,0,48,2,1.0,1.0,1.0,7,4,48,2,0.012875536480686695,1.0,0.02542372881355932,0,232,0,4,0.0,0.0,0.0,0,0,0,0,0.017167381974248927,1.0,0.03375527426160338,0,231,0,4,1.0,1.0,1.0,4,1,48,2,1.0,1.0,1.0,1,0,48,2,1.0,1.0,1.0,3,0,48,2,1.0,1.0,1.0,2,3,48,2,1.0,1.0,1.0,2,2,48,2,1.0,1.0,1.0,7,6,48,2,1.0,1.0,1.0,5,5,48,2,1.0,1.0,1.0,2,1,48,2,1.0,1.0,1.0,7,2,48,2,1.0,1.0,1.0,0,0,48,0,1.0,1.0,1.0,1,2,48,2,0.1228813559322034,0.18641999226111375,0.1228813559322034
4,0.00030000000000000003,0.02145922746781116,1.0,0.04201680672268908,0,231,0,4,1.0,1.0,1.0,2,1,48,2,1.0,1.0,1.0,2,2,48,2,1.0,0.9090909090909091,0.9523809523809523,0,0,48,0,1.0,1.0,1.0,8,13,48,2,1.0,1.0,1.0,11,10,48,2,1.0,1.0,1.0,1,0,48,2,1.0,1.0,1.0,1,3,48,2,1.0,1.0,1.0,2,0,48,2,1.0,1.0,1.0,7,4,48,2,0.012875536480686695,1.0,0.02542372881355932,0,232,0,4,0.0,0.0,0.0,0,0,0,0,0.017167381974248927,1.0,0.03375527426160338,0,231,0,4,1.0,1.0,1.0,4,1,48,2,1.0,1.0,1.0,1,0,48,2,1.0,1.0,1.0,3,0,48,2,1.0,1.0,1.0,2,3,48,2,1.0,1.0,1.0,2,2,48,2,1.0,1.0,1.0,7,6,48,2,1.0,1.0,1.0,5,5,48,2,1.0,1.0,1.0,2,1,48,2,1.0,1.0,1.0,7,2,48,2,1.0,1.0,1.0,0,0,48,0,1.0,1.0,1.0,1,2,48,2,0.1228813559322034,0.18641999226111375,0.1228813559322034
5,0.0004,0.02145922746781116,1.0,0.04201680672268908,0,231,0,4,1.0,1.0,1.0,2,1,48,2,1.0,1.0,1.0,2,2,48,2,1.0,0.9090909090909091,0.9523809523809523,0,0,48,0,1.0,1.0,1.0,8,13,48,2,1.0,1.0,1.0,11,10,48,2,1.0,1.0,1.0,1,0,48,2,1.0,1.0,1.0,1,3,48,2,1.0,1.0,1.0,2,0,48,2,1.0,1.0,1.0,7,4,48,2,0.012875536480686695,1.0,0.02542372881355932,0,232,0,4,0.0,0.0,0.0,0,0,0,0,0.017167381974248927,1.0,0.03375527426160338,0,231,0,4,1.0,1.0,1.0,4,1,48,2,1.0,1.0,1.0,1,0,48,2,1.0,1.0,1.0,3,0,48,2,1.0,1.0,1.0,2,3,48,2,1.0,1.0,1.0,2,2,48,2,1.0,1.0,1.0,7,6,48,2,1.0,1.0,1.0,5,5,48,2,1.0,1.0,1.0,2,1,48,2,1.0,1.0,1.0,7,2,48,2,1.0,1.0,1.0,0,0,48,0,1.0,1.0,1.0,1,2,48,2,0.1228813559322034,0.18641999226111375,0.1228813559322034
6,0.0005,0.02145922746781116,1.0,0.04201680672268908,0,231,0,4,1.0,1.0,1.0,2,1,48,2,1.0,1.0,1.0,2,2,48,2,1.0,0.9090909090909091,0.9523809523809523,0,0,48,0,1.0,1.0,1.0,8,13,48,2,1.0,1.0,1.0,11,10,48,2,1.0,1.0,1.0,1,0,48,2,1.0,1.0,1.0,1,3,48,2,1.0,1.0,1.0,2,0,48,2,1.0,1.0,1.0,7,4,48,2,0.012875536480686695,1.0,0.02542372881355932,0,232,0,4,0.0,0.0,0.0,0,0,0,0,0.017167381974248927,1.0,0.03375527426160338,0,231,0,4,1.0,1.0,1.0,4,1,48,2,1.0,1.0,1.0,1,0,48,2,1.0,1.0,1.0,3,0,48,2,1.0,1.0,1.0,2,3,48,2,1.0,1.0,1.0,2,2,48,2,1.0,1.0,1.0,7,6,48,2,1.0,1.0,1.0,5,5,48,2,1.0,1.0,1.0,2,1,48,2,1.0,1.0,1.0,7,2,48,2,1.0,1.0,1.0,0,0,48,0,1.0,1.0,1.0,1,2,48,2,0.1228813559322034,0.18641999226111375,0.1228813559322034
7,0.0006000000000000001,0.02145922746781116,1.0,0.04201680672268908,0,231,0,4,1.0,1.0,1.0,2,1,48,2,1.0,1.0,1.0,2,2,48,2,1.0,0.9090909090909091,0.9523809523809523,0,0,48,0,1.0,1.0,1.0,8,13,48,2,1.0,1.0,1.0,11,10,48,2,1.0,1.0,1.0,1,0,48,2,1.0,1.0,1.0,1,3,48,2,1.0,1.0,1.0,2,0,48,2,1.0,1.0,1.0,7,4,48,2,0.012875536480686695,1.0,0.02542372881355932,0,232,0,4,0.0,0.0,0.0,0,0,0,0,0.017167381974248927,1.0,0.03375527426160338,0,231,0,4,1.0,1.0,1.0,4,1,48,2,1.0,1.0,1.0,1,0,48,2,1.0,1.0,1.0,3,0,48,2,1.0,1.0,1.0,2,3,48,2,1.0,1.0,1.0,2,2,48,2,1.0,1.0,1.0,7,6,48,2,1.0,1.0,1.0,5,5,48,2,1.0,1.0,1.0,2,1,48,2,1.0,1.0,1.0,7,2,48,2,1.0,1.0,1.0,0,0,48,0,1.0,1.0,1.0,1,2,48,2,0.1228813559322034,0.18641999226111375,0.1228813559322034
8,0.0007,0.02145922746781116,1.0,0.04201680672268908,0,231,0,4,1.0,1.0,1.0,2,1,48,2,1.0,1.0,1.0,2,2,48,2,1.0,0.9090909090909091,0.9523809523809523,0,0,48,0,1.0,1.0,1.0,8,13,48,2,1.0,1.0,1.0,11,10,48,2,1.0,1.0,1.0,1,0,48,2,1.0,1.0,1.0,1,3,48,2,1.0,1.0,1.0,2,0,48,2,1.0,1.0,1.0,7,4,48,2,0.012875536480686695,1.0,0.02542372881355932,0,232,0,4,0.0,0.0,0.0,0,0,0,0,0.017167381974248927,1.0,0.03375527426160338,0,231,0,4,1.0,1.0,1.0,4,1,48,2,1.0,1.0,1.0,1,0,48,2,1.0,1.0,1.0,3,0,48,2,1.0,1.0,1.0,2,3,48,2,1.0,1.0,1.0,2,2,48,2,1.0,1.0,1.0,7,6,48,2,1.0,1.0,1.0,5,5,48,2,1.0,1.0,1.0,2,1,48,2,1.0,1.0,1.0,7,2,48,2,1.0,1.0,1.0,0,0,48,0,1.0,1.0,1.0,1,2,48,2,0.1228813559322034,0.18641999226111375,0.1228813559322034
9,0.0008,0.02145922746781116,1.0,0.04201680672268908,0,231,0,4,1.0,1.0,1.0,2,1,48,2,1.0,1.0,1.0,2,2,48,2,1.0,0.9090909090909091,0.9523809523809523,0,0,48,0,1.0,1.0,1.0,8,13,48,2,1.0,1.0,1.0,11,10,48,2,1.0,1.0,1.0,1,0,48,2,1.0,1.0,1.0,1,3,48,2,1.0,1.0,1.0,2,0,48,2,1.0,1.0,1.0,7,4,48,2,0.012875536480686695,1.0,0.02542372881355932,0,232,0,4,0.0,0.0,0.0,0,0,0,0,0.017167381974248927,1.0,0.03375527426160338,0,231,0,4,1.0,1.0,1.0,4,1,48,2,1.0,1.0,1.0,1,0,48,2,1.0,1.0,1.0,3,0,48,2,1.0,1.0,1.0,2,3,48,2,1.0,1.0,1.0,2,2,48,2,1.0,1.0,1.0,7,6,48,2,1.0,1.0,1.0,5,5,48,2,1.0,1.0,1.0,2,1,48,2,1.0,1.0,1.0,7,2,48,2,1.0,1.0,1.0,0,0,48,0,1.0,1.0,1.0,1,2,48,2,0.1228813559322034,0.18641999226111375,0.1228813559322034
10,0.0009000000000000001,0.02145922746781116,1.0,0.04201680672268908,0,231,0,4,1.0,1.0,1.0,2,1,48,2,1.0,1.0,1.0,2,2,48,2,1.0,0.9090909090909091,0.9523809523809523,0,0,48,0,1.0,1.0,1.0,8,13,48,2,1.0,1.0,1.0,11,10,48,2,1.0,1.0,1.0,1,0,48,2,1.0,1.0,1.0,1,3,48,2,1.0,1.0,1.0,2,0,48,2,1.0,1.0,1.0,7,4,48,2,0.012875536480686695,1.0,0.02542372881355932,0,232,0,4,0.0,0.0,0.0,0,0,0,0,0.017167381974248927,1.0,0.03375527426160338,0,231,0,4,1.0,1.0,1.0,4,1,48,2,1.0,1.0,1.0,1,0,48,2,1.0,1.0,1.0,3,0,48,2,1.0,1.0,1.0,2,3,48,2,1.0,1.0,1.0,2,2,48,2,1.0,1.0,1.0,7,6,48,2,1.0,1.0,1.0,5,5,48,2,1.0,1.0,1.0,2,1,48,2,1.0,1.0,1.0,7,2,48,2,1.0,1.0,1.0,0,0,48,0,1.0,1.0,1.0,1,2,48,2,0.1228813559322034,0.18641999226111375,0.1228813559322034
11,0.001,0.02145922746781116,1.0,0.04201680672268908,0,231,0,4,1.0,1.0,1.0,2,1,48,2,1.0,1.0,1.0,2,2,48,2,1.0,0.9090909090909091,0.9523809523809523,0,0,48,0,1.0,1.0,1.0,8,13,48,2,1.0,1.0,1.0,11,10,48,2,1.0,1.0,1.0,1,0,48,2,1.0,1.0,1.0,1,3,48,2,1.0,1.0,1.0,2,0,48,2,1.0,1.0,1.0,7,4,48,2,0.012875536480686695,1.0,0.02542372881355932,0,232,0,4,0.0,0.0,0.0,0,0,0,0,0.017167381974248927,1.0,0.03375527426160338,0,231,0,4,1.0,1.0,1.0,4,1,48,2,1.0,1.0,1.0,1,0,48,2,1.0,1.0,1.0,3,0,48,2,1.0,1.0,1.0,2,3,48,2,1.0,1.0,1.0,2,2,48,2,1.0,1.0,1.0,7,6,48,2,1.0,1.0,1.0,5,5,48,2,1.0,1.0,1.0,2,1,48,2,1.0,1.0,1.0,7,2,48,2,1.0,1.0,1.0,0,0,48,0,1.0,1.0,1.0,1,2,48,2,0.1228813559322034,0.18641999226111375,0.1228813559322034
12,0.0011,0.02145922746781116,1.0,0.04201680672268908,0,231,0,4,1.0,1.0,1.0,2,1,48,2,1.0,1.0,1.0,2,2,48,2,1.0,0.9090909090909091,0.9523809523809523,0,0,48,0,1.0,1.0,1.0,8,13,48,2,1.0,1.0,1.0,11,10,48,2,1.0,1.0,1.0,1,0,48,2,1.0,1.0,1.0,1,3,48,2,1.0,1.0,1.0,2,0,48,2,1.0,1.0,1.0,7,4,48,2,0.012875536480686695,1.0,0.02542372881355932,0,232,0,4,0.0,0.0,0.0,0,0,0,0,0.017167381974248927,1.0,0.03375527426160338,0,231,0,4,1.0,1.0,1.0,4,1,48,2,1.0,1.0,1.0,1,0,48,2,1.0,1.0,1.0,3,0,48,2,1.0,1.0,1.0,2,3,48,2,1.0,1.0,1.0,2,2,48,2,1.0,1.0,1.0,7,6,48,2,1.0,1.0,1.0,5,5,48,2,1.0,1.0,1.0,2,1,48,2,1.0,1.0,1.0,7,2,48,2,1.0,1.0,1.0,0,0,48,0,1.0,1.0,1.0,1,2,48,2,0.1228813559322034,0.18641999226111375,0.1228813559322034
13,0.0012000000000000001,0.02145922746781116,1.0,0.04201680672268908,0,231,0,4,1.0,1.0,1.0,2,1,48,2,1.0,1.0,1.0,2,2,48,2,1.0,0.9090909090909091,0.9523809523809523,0,0,48,0,1.0,1.0,1.0,8,13,48,2,1.0,1.0,1.0,11,10,48,2,1.0,1.0,1.0,1,0,48,2,1.0,1.0,1.0,1,3,48,2,1.0,1.0,1.0,2,0,48,2,1.0,1.0,1.0,7,4,48,2,0.012875536480686695,1.0,0.02542372881355932,0,232,0,4,0.0,0.0,0.0,0,0,0,0,0.017167381974248927,1.0,0.03375527426160338,0,231,0,4,1.0,1.0,1.0,4,1,48,2,1.0,1.0,1.0,1,0,48,2,1.0,1.0,1.0,3,0,48,2,1.0,1.0,1.0,2,3,48,2,1.0,1.0,1.0,2,2,48,2,1.0,1.0,1.0,7,6,48,2,1.0,1.0,1.0,5,5,48,2,1.0,1.0,1.0,2,1,48,2,1.0,1.0,1.0,7,2,48,2,1.0,1.0,1.0,0,0,48,0,1.0,1.0,1.0,1,2,48,2,0.1228813559322034,0.18641999226111375,0.1228813559322034
14,0.0013000000000000002,0.02145922746781116,1.0,0.04201680672268908,0,231,0,4,1.0,1.0,1.0,2,1,48,2,1.0,1.0,1.0,2,2,48,2,1.0,0.9090909090909091,0.9523809523809523,0,0,48,0,1.0,1.0,1.0,8,13,48,2,1.0,1.0,1.0,11,10,48,2,1.0,1.0,1.0,1,0,48,2,1.0,1.0,1.0,1,3,48,2,1.0,1.0,1.0,2,0,48,2,1.0,1.0,1.0,7,4,48,2,0.012875536480686695,1.0,0.02542372881355932,0,232,0,4,0.0,0.0,0.0,0,0,0,0,0.017167381974248927,1.0,0.03375527426160338,0,231,0,4,1.0,1.0,1.0,4,1,48,2,1.0,1.0,1.0,1,0,48,2,1.0,1.0,1.0,3,0,48,2,1.0,1.0,1.0,2,3,48,2,1.0,1.0,1.0,2,2,48,2,1.0,1.0,1.0,7,6,48,2,1.0,1.0,1.0,5,5,48,2,1.0,1.0,1.0,2,1,48,2,1.0,1.0,1.0,7,2,48,2,1.0,1.0,1.0,0,0,48,0,1.0,1.0,1.0,1,2,48,2,0.1228813559322034,0.18641999226111375,0.1228813559322034
15,0.0014,0.02145922746781116,1.0,0.04201680672268908,0,231,0,4,1.0,1.0,1.0,2,1,48,2,1.0,1.0,1.0,2,2,48,2,1.0,0.9090909090909091,0.9523809523809523,0,0,48,0,1.0,1.0,1.0,8,13,48,2,1.0,1.0,1.0,11,10,48,2,1.0,1.0,1.0,1,0,48,2,1.0,1.0,1.0,1,3,48,2,1.0,1.0,1.0,2,0,48,2,1.0,1.0,1.0,7,4,48,2,0.012875536480686695,1.0,0.02542372881355932,0,232,0,4,0.0,0.0,0.0,0,0,0,0,0.017167381974248927,1.0,0.03375527426160338,0,231,0,4,1.0,1.0,1.0,4,1,48,2,1.0,1.0,1.0,1,0,48,2,1.0,1.0,1.0,3,0,48,2,1.0,1.0,1.0,2,3,48,2,1.0,1.0,1.0,2,2,48,2,1.0,1.0,1.0,7,6,48,2,1.0,1.0,1.0,5,5,48,2,1.0,1.0,1.0,2,1,48,2,1.0,1.0,1.0,7,2,48,2,1.0,1.0,1.0,0,0,48,0,1.0,1.0,1.0,1,2,48,2,0.1228813559322034,0.18641999226111375,0.1228813559322034
16,0.0015,0.02145922746781116,1.0,0.04201680672268908,0,231,0,4,1.0,1.0,1.0,2,1,48,2,1.0,1.0,1.0,2,2,48,2,1.0,0.9090909090909091,0.9523809523809523,0,0,48,0,1.0,1.0,1.0,8,13,48,2,1.0,1.0,1.0,11,10,48,2,1.0,1.0,1.0,1,0,48,2,1.0,1.0,1.0,1,3,48,2,1.0,1.0,1.0,2,0,48,2,1.0,1.0,1.0,7,4,48,2,0.012875536480686695,1.0,0.02542372881355932,0,232,0,4,0.0,0.0,0.0,0,0,0,0,0.017167381974248927,1.0,0.03375527426160338,0,231,0,4,1.0,1.0,1.0,4,1,48,2,1.0,1.0,1.0,1,0,48,2,1.0,1.0,1.0,3,0,48,2,1.0,1.0,1.0,2,3,48,2,1.0,1.0,1.0,2,2,48,2,1.0,1.0,1.0,7,6,48,2,1.0,1.0,1.0,5,5,48,2,1.0,1.0,1.0,2,1,48,2,1.0,1.0,1.0,7,2,48,2,1.0,1.0,1.0,0,0,48,0,1.0,1.0,1.0,1,2,48,2,0.1228813559322034,0.18641999226111375,0.1228813559322034
17,0.0016,0.02145922746781116,1.0,0.04201680672268908,0,231,0,4,1.0,1.0,1.0,2,1,48,2,1.0,1.0,1.0,2,2,48,2,1.0,0.9090909090909091,0.9523809523809523,0,0,48,0,1.0,1.0,1.0,8,13,48,2,1.0,1.0,1.0,11,10,48,2,1.0,1.0,1.0,1,0,48,2,1.0,1.0,1.0,1,3,48,2,1.0,1.0,1.0,2,0,48,2,1.0,1.0,1.0,7,4,48,2,0.012875536480686695,1.0,0.02542372881355932,0,232,0,4,0.0,0.0,0.0,0,0,0,0,0.017167381974248927,1.0,0.03375527426160338,0,231,0,4,1.0,1.0,1.0,4,1,48,2,1.0,1.0,1.0,1,0,48,2,1.0,1.0,1.0,3,0,48,2,1.0,1.0,1.0,2,3,48,2,1.0,1.0,1.0,2,2,48,2,1.0,1.0,1.0,7,6,48,2,1.0,1.0,1.0,5,5,48,2,1.0,1.0,1.0,2,1,48,2,1.0,1.0,1.0,7,2,48,2,1.0,1.0,1.0,0,0,48,0,1.0,1.0,1.0,1,2,48,2,0.1228813559322034,0.18641999226111375,0.1228813559322034
18,0.0017000000000000001,0.02145922746781116,1.0,0.04201680672268908,0,231,0,4,1.0,1.0,1.0,2,1,48,2,1.0,1.0,1.0,2,2,48,2,1.0,0.9090909090909091,0.9523809523809523,0,0,48,0,1.0,1.0,1.0,8,13,48,2,1.0,1.0,1.0,11,10,48,2,1.0,1.0,1.0,1,0,48,2,1.0,1.0,1.0,1,3,48,2,1.0,1.0,1.0,2,0,48,2,1.0,1.0,1.0,7,4,48,2,0.012875536480686695,1.0,0.02542372881355932,0,232,0,4,0.0,0.0,0.0,0,0,0,0,0.017167381974248927,1.0,0.03375527426160338,0,231,0,4,1.0,1.0,1.0,4,1,48,2,1.0,1.0,1.0,1,0,48,2,1.0,1.0,1.0,3,0,48,2,1.0,1.0,1.0,2,3,48,2,1.0,1.0,1.0,2,2,48,2,1.0,1.0,1.0,7,6,48,2,1.0,1.0,1.0,5,5,48,2,1.0,1.0,1.0,2,1,48,2,1.0,1.0,1.0,7,2,48,2,1.0,1.0,1.0,0,0,48,0,1.0,1.0,1.0,1,2,48,2,0.1228813559322034,0.18641999226111375,0.1228813559322034
19,0.0018000000000000002,0.02145922746781116,1.0,0.04201680672268908,0,231,0,4,1.0,1.0,1.0,2,1,48,2,1.0,1.0,1.0,2,2,48,2,1.0,0.9090909090909091,0.9523809523809523,0,0,48,0,1.0,1.0,1.0,8,13,48,2,1.0,1.0,1.0,11,10,48,2,1.0,1.0,1.0,1,0,48,2,1.0,1.0,1.0,1,3,48,2,1.0,1.0,1.0,2,0,48,2,1.0,1.0,1.0,7,4,48,2,0.012875536480686695,1.0,0.02542372881355932,0,232,0,4,0.0,0.0,0.0,0,0,0,0,0.017167381974248927,1.0,0.03375527426160338,0,231,0,4,1.0,1.0,1.0,4,1,48,2,1.0,1.0,1.0,1,0,48,2,1.0,1.0,1.0,3,0,48,2,1.0,1.0,1.0,2,3,48,2,1.0,1.0,1.0,2,2,48,2,1.0,1.0,1.0,7,6,48,2,1.0,1.0,1.0,5,5,48,2,1.0,1.0,1.0,2,1,48,2,1.0,1.0,1.0,7,2,48,2,1.0,1.0,1.0,0,0,48,0,1.0,1.0,1.0,1,2,48,2,0.1228813559322034,0.18641999226111375,0.1228813559322034
20,0.0019,0.02145922746781116,1.0,0.04201680672268908,0,231,0,4,1.0,1.0,1.0,2,1,48,2,1.0,1.0,1.0,2,2,48,2,1.0,0.9090909090909091,0.9523809523809523,0,0,48,0,1.0,1.0,1.0,8,13,48,2,1.0,1.0,1.0,11,10,48,2,1.0,1.0,1.0,1,0,48,2,1.0,1.0,1.0,1,3,48,2,1.0,1.0,1.0,2,0,48,2,1.0,1.0,1.0,7,4,48,2,0.012875536480686695,1.0,0.02542372881355932,0,232,0,4,0.0,0.0,0.0,0,0,0,0,0.017167381974248927,1.0,0.03375527426160338,0,231,0,4,1.0,1.0,1.0,4,1,48,2,1.0,1.0,1.0,1,0,48,2,1.0,1.0,1.0,3,0,48,2,1.0,1.0,1.0,2,3,48,2,1.0,1.0,1.0,2,2,48,2,1.0,1.0,1.0,7,6,48,2,1.0,1.0,1.0,5,5,48,2,1.0,1.0,1.0,2,1,48,2,1.0,1.0,1.0,7,2,48,2,1.0,1.0,1.0,0,0,48,0,1.0,1.0,1.0,1,2,48,2,0.1228813559322034,0.18641999226111375,0.1228813559322034
21,0.002,0.02145922746781116,1.0,0.04201680672268908,0,231,0,4,1.0,1.0,1.0,2,1,48,2,1.0,1.0,1.0,2,2,48,2,1.0,0.9090909090909091,0.9523809523809523,0,0,48,0,1.0,1.0,1.0,8,13,48,2,1.0,1.0,1.0,11,10,48,2,1.0,1.0,1.0,1,0,48,2,1.0,1.0,1.0,1,3,48,2,1.0,1.0,1.0,2,0,48,2,1.0,1.0,1.0,7,4,48,2,0.012875536480686695,1.0,0.02542372881355932,0,232,0,4,0.0,0.0,0.0,0,0,0,0,0.017167381974248927,1.0,0.03375527426160338,0,231,0,4,1.0,1.0,1.0,4,1,48,2,1.0,1.0,1.0,1,0,48,2,1.0,1.0,1.0,3,0,48,2,1.0,1.0,1.0,2,3,48,2,1.0,1.0,1.0,2,2,48,2,1.0,1.0,1.0,7,6,48,2,1.0,1.0,1.0,5,5,48,2,1.0,1.0,1.0,2,1,48,2,1.0,1.0,1.0,7,2,48,2,1.0,1.0,1.0,0,0,48,0,1.0,1.0,1.0,1,2,48,2,0.1228813559322034,0.18641999226111375,0.1228813559322034
22,0.0021000000000000003,0.02145922746781116,1.0,0.04201680672268908,0,231,0,4,1.0,1.0,1.0,2,1,48,2,1.0,1.0,1.0,2,2,48,2,1.0,0.9090909090909091,0.9523809523809523,0,0,48,0,1.0,1.0,1.0,8,13,48,2,1.0,1.0,1.0,11,10,48,2,1.0,1.0,1.0,1,0,48,2,1.0,1.0,1.0,1,3,48,2,1.0,1.0,1.0,2,0,48,2,1.0,1.0,1.0,7,4,48,2,0.012875536480686695,1.0,0.02542372881355932,0,232,0,4,0.0,0.0,0.0,0,0,0,0,0.017167381974248927,1.0,0.03375527426160338,0,231,0,4,1.0,1.0,1.0,4,1,48,2,1.0,1.0,1.0,1,0,48,2,1.0,1.0,1.0,3,0,48,2,1.0,1.0,1.0,2,3,48,2,1.0,1.0,1.0,2,2,48,2,1.0,1.0,1.0,7,6,48,2,1.0,1.0,1.0,5,5,48,2,1.0,1.0,1.0,2,1,48,2,1.0,1.0,1.0,7,2,48,2,1.0,1.0,1.0,0,0,48,0,1.0,1.0,1.0,1,2,48,2,0.1228813559322034,0.18641999226111375,0.1228813559322034
23,0.0022,0.02145922746781116,1.0,0.04201680672268908,0,231,0,4,1.0,1.0,1.0,2,1,48,2,1.0,1.0,1.0,2,2,48,2,1.0,0.9090909090909091,0.9523809523809523,0,0,48,0,1.0,1.0,1.0,8,13,48,2,1.0,1.0,1.0,11,10,48,2,1.0,1.0,1.0,1,0,48,2,1.0,1.0,1.0,1,3,48,2,1.0,1.0,1.0,2,0,48,2,1.0,1.0,1.0,7,4,48,2,0.012875536480686695,1.0,0.02542372881355932,0,232,0,4,0.0,0.0,0.0,0,0,0,0,0.017167381974248927,1.0,0.03375527426160338,0,231,0,4,1.0,1.0,1.0,4,1,48,2,1.0,1.0,1.0,1,0,48,2,1.0,1.0,1.0,3,0,48,2,1.0,1.0,1.0,2,3,48,2,1.0,1.0,1.0,2,2,48,2,1.0,1.0,1.0,7,6,48,2,1.0,1.0,1.0,5,5,48,2,1.0,1.0,1.0,2,1,48,2,1.0,1.0,1.0,7,2,48,2,1.0,1.0,1.0,0,0,48,0,1.0,1.0,1.0,1,2,48,2,0.1228813559322034,0.18641999226111375,0.1228813559322034
24,0.0023,0.02145922746781116,1.0,0.04201680672268908,0,231,0,4,1.0,1.0,1.0,2,1,48,2,1.0,1.0,1.0,2,2,48,2,1.0,0.9090909090909091,0.9523809523809523,0,0,48,0,1.0,1.0,1.0,8,13,48,2,1.0,1.0,1.0,11,10,48,2,1.0,1.0,1.0,1,0,48,2,1.0,1.0,1.0,1,3,48,2,1.0,1.0,1.0,2,0,48,2,1.0,1.0,1.0,7,4,48,2,0.012875536480686695,1.0,0.02542372881355932,0,232,0,4,0.0,0.0,0.0,0,0,0,0,0.017167381974248927,1.0,0.03375527426160338,0,231,0,4,1.0,1.0,1.0,4,1,48,2,1.0,1.0,1.0,1,0,48,2,1.0,1.0,1.0,3,0,48,2,1.0,1.0,1.0,2,3,48,2,1.0,1.0,1.0,2,2,48,2,1.0,1.0,1.0,7,6,48,2,1.0,1.0,1.0,5,5,48,2,1.0,1.0,1.0,2,1,48,2,1.0,1.0,1.0,7,2,48,2,1.0,1.0,1.0,0,0,48,0,1.0,1.0,1.0,1,2,48,2,0.1228813559322034,0.18641999226111375,0.1228813559322034
25,0.0024000000000000002,0.02145922746781116,1.0,0.04201680672268908,0,231,0,4,1.0,1.0,1.0,2,1,48,2,1.0,1.0,1.0,2,2,48,2,1.0,0.9090909090909091,0.9523809523809523,0,0,48,0,1.0,1.0,1.0,8,13,48,2,1.0,1.0,1.0,11,10,48,2,1.0,1.0,1.0,1,0,48,2,1.0,1.0,1.0,1,3,48,2,1.0,1.0,1.0,2,0,48,2,1.0,1.0,1.0,7,4,48,2,0.012875536480686695,1.0,0.02542372881355932,0,232,0,4,0.0,0.0,0.0,0,0,0,0,0.017167381974248927,1.0,0.03375527426160338,0,231,0,4,1.0,1.0,1.0,4,1,48,2,1.0,1.0,1.0,1,0,48,2,1.0,1.0,1.0,3,0,48,2,1.0,1.0,1.0,2,3,48,2,1.0,1.0,1.0,2,2,48,2,1.0,1.0,1.0,7,6,48,2,1.0,1.0,1.0,5,5,48,2,1.0,1.0,1.0,2,1,48,2,1.0,1.0,1.0,7,2,48,2,1.0,1.0,1.0,0,0,48,0,1.0,1.0,1.0,1,2,48,2,0.1228813559322034,0.18641999226111375,0.1228813559322034
26,0.0025,0.02145922746781116,1.0,0.04201680672268908,0,231,0,4,1.0,1.0,1.0,2,1,48,2,1.0,1.0,1.0,2,2,48,2,1.0,0.9090909090909091,0.9523809523809523,0,0,48,0,1.0,1.0,1.0,8,13,48,2,1.0,1.0,1.0,11,10,48,2,1.0,1.0,1.0,1,0,48,2,1.0,1.0,1.0,1,3,48,2,1.0,1.0,1.0,2,0,48,2,1.0,1.0,1.0,7,4,48,2,0.012875536480686695,1.0,0.02542372881355932,0,232,0,4,0.0,0.0,0.0,0,0,0,0,0.017167381974248927,1.0,0.03375527426160338,0,231,0,4,1.0,1.0,1.0,4,1,48,2,1.0,1.0,1.0,1,0,48,2,1.0,1.0,1.0,3,0,48,2,1.0,1.0,1.0,2,3,48,2,1.0,1.0,1.0,2,2,48,2,1.0,1.0,1.0,7,6,48,2,1.0,1.0,1.0,5,5,48,2,1.0,1.0,1.0,2,1,48,2,1.0,1.0,1.0,7,2,48,2,1.0,1.0,1.0,0,0,48,0,1.0,1.0,1.0,1,2,48,2,0.1228813559322034,0.18641999226111375,0.1228813559322034
27,0.0026000000000000003,0.02145922746781116,1.0,0.04201680672268908,0,231,0,4,1.0,1.0,1.0,2,1,48,2,1.0,1.0,1.0,2,2,48,2,1.0,0.9090909090909091,0.9523809523809523,0,0,48,0,1.0,1.0,1.0,8,13,48,2,1.0,1.0,1.0,11,10,48,2,1.0,1.0,1.0,1,0,48,2,1.0,1.0,1.0,1,3,48,2,1.0,1.0,1.0,2,0,48,2,1.0,1.0,1.0,7,4,48,2,0.012875536480686695,1.0,0.02542372881355932,0,232,0,4,0.0,0.0,0.0,0,0,0,0,0.017167381974248927,1.0,0.03375527426160338,0,231,0,4,1.0,1.0,1.0,4,1,48,2,1.0,1.0,1.0,1,0,48,2,1.0,1.0,1.0,3,0,48,2,1.0,1.0,1.0,2,3,48,2,1.0,1.0,1.0,2,2,48,2,1.0,1.0,1.0,7,6,48,2,1.0,1.0,1.0,5,5,48,2,1.0,1.0,1.0,2,1,48,2,1.0,1.0,1.0,7,2,48,2,1.0,1.0,1.0,0,0,48,0,1.0,1.0,1.0,1,2,48,2,0.1228813559322034,0.18641999226111375,0.1228813559322034
28,0.0027,0.02145922746781116,1.0,0.04201680672268908,0,231,0,4,1.0,1.0,1.0,2,1,48,2,1.0,1.0,1.0,2,2,48,2,1.0,0.9090909090909091,0.9523809523809523,0,0,48,0,1.0,1.0,1.0,8,13,48,2,1.0,1.0,1.0,11,10,48,2,1.0,1.0,1.0,1,0,48,2,1.0,1.0,1.0,1,3,48,2,1.0,1.0,1.0,2,0,48,2,1.0,1.0,1.0,7,4,48,2,0.012875536480686695,1.0,0.02542372881355932,0,232,0,4,0.0,0.0,0.0,0,0,0,0,0.017167381974248927,1.0,0.03375527426160338,0,231,0,4,1.0,1.0,1.0,4,1,48,2,1.0,1.0,1.0,1,0,48,2,1.0,1.0,1.0,3,0,48,2,1.0,1.0,1.0,2,3,48,2,1.0,1.0,1.0,2,2,48,2,1.0,1.0,1.0,7,6,48,2,1.0,1.0,1.0,5,5,48,2,1.0,1.0,1.0,2,1,48,2,1.0,1.0,1.0,7,2,48,2,1.0,1.0,1.0,0,0,48,0,1.0,1.0,1.0,1,2,48,2,0.1228813559322034,0.18641999226111375,0.1228813559322034
29,0.0028,0.02145922746781116,1.0,0.04201680672268908,0,231,0,4,1.0,1.0,1.0,2,1,48,2,1.0,1.0,1.0,2,2,48,2,1.0,0.9090909090909091,0.9523809523809523,0,0,48,0,1.0,1.0,1.0,8,13,48,2,1.0,1.0,1.0,11,10,48,2,1.0,1.0,1.0,1,0,48,2,1.0,1.0,1.0,1,3,48,2,1.0,1.0,1.0,2,0,48,2,1.0,1.0,1.0,7,4,48,2,0.012875536480686695,1.0,0.02542372881355932,0,232,0,4,0.0,0.0,0.0,0,0,0,0,0.017167381974248927,1.0,0.03375527426160338,0,231,0,4,1.0,1.0,1.0,4,1,48,2,1.0,1.0,1.0,1,0,48,2,1.0,1.0,1.0,3,0,48,2,1.0,1.0,1.0,2,3,48,2,1.0,1.0,1.0,2,2,48,2,1.0,1.0,1.0,7,6,48,2,1.0,1.0,1.0,5,5,48,2,1.0,1.0,1.0,2,1,48,2,1.0,1.0,1.0,7,2,48,2,1.0,1.0,1.0,0,0,48,0,1.0,1.0,1.0,1,2,48,2,0.1228813559322034,0.18641999226111375,0.1228813559322034
30,0.0029000000000000002,0.02145922746781116,1.0,0.04201680672268908,0,231,0,4,1.0,1.0,1.0,2,1,48,2,1.0,1.0,1.0,2,2,48,2,1.0,0.9090909090909091,0.9523809523809523,0,0,48,0,1.0,1.0,1.0,8,13,48,2,1.0,1.0,1.0,11,10,48,2,1.0,1.0,1.0,1,0,48,2,1.0,1.0,1.0,1,3,48,2,1.0,1.0,1.0,2,0,48,2,1.0,1.0,1.0,7,4,48,2,0.012875536480686695,1.0,0.02542372881355932,0,232,0,4,0.0,0.0,0.0,0,0,0,0,0.017167381974248927,1.0,0.03375527426160338,0,231,0,4,1.0,1.0,1.0,4,1,48,2,1.0,1.0,1.0,1,0,48,2,1.0,1.0,1.0,3,0,48,2,1.0,1.0,1.0,2,3,48,2,1.0,1.0,1.0,2,2,48,2,1.0,1.0,1.0,7,6,48,2,1.0,1.0,1.0,5,5,48,2,1.0,1.0,1.0,2,1,48,2,1.0,1.0,1.0,7,2,48,2,1.0,1.0,1.0,0,0,48,0,1.0,1.0,1.0,1,2,48,2,0.1228813559322034,0.18641999226111375,0.1228813559322034
31,0.003,0.02145922746781116,1.0,0.04201680672268908,0,231,0,4,1.0,1.0,1.0,2,1,48,2,1.0,1.0,1.0,2,2,48,2,1.0,0.9090909090909091,0.9523809523809523,0,0,48,0,1.0,1.0,1.0,8,13,48,2,1.0,1.0,1.0,11,10,48,2,1.0,1.0,1.0,1,0,48,2,1.0,1.0,1.0,1,3,48,2,1.0,1.0,1.0,2,0,48,2,1.0,1.0,1.0,7,4,48,2,0.012875536480686695,1.0,0.02542372881355932,0,232,0,4,0.0,0.0,0.0,0,0,0,0,0.017167381974248927,1.0,0.03375527426160338,0,231,0,4,1.0,1.0,1.0,4,1,48,2,1.0,1.0,1.0,1,0,48,2,1.0,1.0,1.0,3,0,48,2,1.0,1.0,1.0,2,3,48,2,1.0,1.0,1.0,2,2,48,2,1.0,1.0,1.0,7,6,48,2,1.0,1.0,1.0,5,5,48,2,1.0,1.0,1.0,2,1,48,2,1.0,1.0,1.0,7,2,48,2,1.0,1.0,1.0,0,0,48,0,1.0,1.0,1.0,1,2,48,2,0.1228813559322034,0.18641999226111375,0.1228813559322034
32,0.0031000000000000003,0.02145922746781116,1.0,0.04201680672268908,0,231,0,4,1.0,1.0,1.0,2,1,48,2,1.0,1.0,1.0,2,2,48,2,1.0,0.9090909090909091,0.9523809523809523,0,0,48,0,1.0,1.0,1.0,8,13,48,2,1.0,1.0,1.0,11,10,48,2,1.0,1.0,1.0,1,0,48,2,1.0,1.0,1.0,1,3,48,2,1.0,1.0,1.0,2,0,48,2,1.0,1.0,1.0,7,4,48,2,0.012875536480686695,1.0,0.02542372881355932,0,232,0,4,0.0,0.0,0.0,0,0,0,0,0.017167381974248927,1.0,0.03375527426160338,0,231,0,4,1.0,1.0,1.0,4,1,48,2,1.0,1.0,1.0,1,0,48,2,1.0,1.0,1.0,3,0,48,2,1.0,1.0,1.0,2,3,48,2,1.0,1.0,1.0,2,2,48,2,1.0,1.0,1.0,7,6,48,2,1.0,1.0,1.0,5,5,48,2,1.0,1.0,1.0,2,1,48,2,1.0,1.0,1.0,7,2,48,2,1.0,1.0,1.0,0,0,48,0,1.0,1.0,1.0,1,2,48,2,0.1228813559322034,0.18641999226111375,0.1228813559322034
33,0.0032,0.02145922746781116,1.0,0.04201680672268908,0,231,0,4,1.0,1.0,1.0,2,1,48,2,1.0,1.0,1.0,2,2,48,2,1.0,0.9090909090909091,0.9523809523809523,0,0,48,0,1.0,1.0,1.0,8,13,48,2,1.0,1.0,1.0,11,10,48,2,1.0,1.0,1.0,1,0,48,2,1.0,1.0,1.0,1,3,48,2,1.0,1.0,1.0,2,0,48,2,1.0,1.0,1.0,7,4,48,2,0.012875536480686695,1.0,0.02542372881355932,0,232,0,4,0.0,0.0,0.0,0,0,0,0,0.017167381974248927,1.0,0.03375527426160338,0,231,0,4,1.0,1.0,1.0,4,1,48,2,1.0,1.0,1.0,1,0,48,2,1.0,1.0,1.0,3,0,48,2,1.0,1.0,1.0,2,3,48,2,1.0,1.0,1.0,2,2,48,2,1.0,1.0,1.0,7,6,48,2,1.0,1.0,1.0,5,5,48,2,1.0,1.0,1.0,2,1,48,2,1.0,1.0,1.0,7,2,48,2,1.0,1.0,1.0,0,0,48,0,1.0,1.0,1.0,1,2,48,2,0.1228813559322034,0.18641999226111375,0.1228813559322034
34,0.0033,0.02145922746781116,1.0,0.04201680672268908,0,231,0,4,1.0,1.0,1.0,2,1,48,2,1.0,1.0,1.0,2,2,48,2,1.0,0.9090909090909091,0.9523809523809523,0,0,48,0,1.0,1.0,1.0,8,13,48,2,1.0,1.0,1.0,11,10,48,2,1.0,1.0,1.0,1,0,48,2,1.0,1.0,1.0,1,3,48,2,1.0,1.0,1.0,2,0,48,2,1.0,1.0,1.0,7,4,48,2,0.012875536480686695,1.0,0.02542372881355932,0,232,0,4,0.0,0.0,0.0,0,0,0,0,0.017167381974248927,1.0,0.03375527426160338,0,231,0,4,1.0,1.0,1.0,4,1,48,2,1.0,1.0,1.0,1,0,48,2,1.0,1.0,1.0,3,0,48,2,1.0,1.0,1.0,2,3,48,2,1.0,1.0,1.0,2,2,48,2,1.0,1.0,1.0,7,6,48,2,1.0,1.0,1.0,5,5,48,2,1.0,1.0,1.0,2,1,48,2,1.0,1.0,1.0,7,2,48,2,1.0,1.0,1.0,0,0,48,0,1.0,1.0,1.0,1,2,48,2,0.1228813559322034,0.18641999226111375,0.1228813559322034
35,0.0034000000000000002,0.02145922746781116,1.0,0.04201680672268908,0,231,0,4,1.0,1.0,1.0,2,1,48,2,1.0,1.0,1.0,2,2,48,2,1.0,0.9090909090909091,0.9523809523809523,0,0,48,0,1.0,1.0,1.0,8,13,48,2,1.0,1.0,1.0,11,10,48,2,1.0,1.0,1.0,1,0,48,2,1.0,1.0,1.0,1,3,48,2,1.0,1.0,1.0,2,0,48,2,1.0,1.0,1.0,7,4,48,2,0.012875536480686695,1.0,0.02542372881355932,0,232,0,4,0.0,0.0,0.0,0,0,0,0,0.017167381974248927,1.0,0.03375527426160338,0,231,0,4,1.0,1.0,1.0,4,1,48,2,1.0,1.0,1.0,1,0,48,2,1.0,1.0,1.0,3,0,48,2,1.0,1.0,1.0,2,3,48,2,1.0,1.0,1.0,2,2,48,2,1.0,1.0,1.0,7,6,48,2,1.0,1.0,1.0,5,5,48,2,1.0,1.0,1.0,2,1,48,2,1.0,1.0,1.0,7,2,48,2,1.0,1.0,1.0,0,0,48,0,1.0,1.0,1.0,1,2,48,2,0.1228813559322034,0.18641999226111375,0.1228813559322034
36,0.0035,0.02145922746781116,1.0,0.04201680672268908,0,231,0,4,1.0,1.0,1.0,2,1,48,2,1.0,1.0,1.0,2,2,48,2,1.0,0.9090909090909091,0.9523809523809523,0,0,48,0,1.0,1.0,1.0,8,13,48,2,1.0,1.0,1.0,11,10,48,2,1.0,1.0,1.0,1,0,48,2,1.0,1.0,1.0,1,3,48,2,1.0,1.0,1.0,2,0,48,2,1.0,1.0,1.0,7,4,48,2,0.012875536480686695,1.0,0.02542372881355932,0,232,0,4,0.0,0.0,0.0,0,0,0,0,0.017167381974248927,1.0,0.03375527426160338,0,231,0,4,1.0,1.0,1.0,4,1,48,2,1.0,1.0,1.0,1,0,48,2,1.0,1.0,1.0,3,0,48,2,1.0,1.0,1.0,2,3,48,2,1.0,1.0,1.0,2,2,48,2,1.0,1.0,1.0,7,6,48,2,1.0,1.0,1.0,5,5,48,2,1.0,1.0,1.0,2,1,48,2,1.0,1.0,1.0,7,2,48,2,1.0,1.0,1.0,0,0,48,0,1.0,1.0,1.0,1,2,48,2,0.1228813559322034,0.18641999226111375,0.1228813559322034
37,0.0036000000000000003,0.02145922746781116,1.0,0.04201680672268908,0,231,0,4,1.0,1.0,1.0,2,1,48,2,1.0,1.0,1.0,2,2,48,2,1.0,0.9090909090909091,0.9523809523809523,0,0,48,0,1.0,1.0,1.0,8,13,48,2,1.0,1.0,1.0,11,10,48,2,1.0,1.0,1.0,1,0,48,2,1.0,1.0,1.0,1,3,48,2,1.0,1.0,1.0,2,0,48,2,1.0,1.0,1.0,7,4,48,2,0.012875536480686695,1.0,0.02542372881355932,0,232,0,4,0.0,0.0,0.0,0,0,0,0,0.017167381974248927,1.0,0.03375527426160338,0,231,0,4,1.0,1.0,1.0,4,1,48,2,1.0,1.0,1.0,1,0,48,2,1.0,1.0,1.0,3,0,48,2,1.0,1.0,1.0,2,3,48,2,1.0,1.0,1.0,2,2,48,2,1.0,1.0,1.0,7,6,48,2,1.0,1.0,1.0,5,5,48,2,1.0,1.0,1.0,2,1,48,2,1.0,1.0,1.0,7,2,48,2,1.0,1.0,1.0,0,0,48,0,1.0,1.0,1.0,1,2,48,2,0.1228813559322034,0.18641999226111375,0.1228813559322034
38,0.0037,0.02145922746781116,1.0,0.04201680672268908,0,231,0,4,1.0,1.0,1.0,2,1,48,2,1.0,1.0,1.0,2,2,48,2,1.0,0.9090909090909091,0.9523809523809523,0,0,48,0,1.0,1.0,1.0,8,13,48,2,1.0,1.0,1.0,11,10,48,2,1.0,1.0,1.0,1,0,48,2,1.0,1.0,1.0,1,3,48,2,1.0,1.0,1.0,2,0,48,2,1.0,1.0,1.0,7,4,48,2,0.012875536480686695,1.0,0.02542372881355932,0,232,0,4,0.0,0.0,0.0,0,0,0,0,0.017167381974248927,1.0,0.03375527426160338,0,231,0,4,1.0,1.0,1.0,4,1,48,2,1.0,1.0,1.0,1,0,48,2,1.0,1.0,1.0,3,0,48,2,1.0,1.0,1.0,2,3,48,2,1.0,1.0,1.0,2,2,48,2,1.0,1.0,1.0,7,6,48,2,1.0,1.0,1.0,5,5,48,2,1.0,1.0,1.0,2,1,48,2,1.0,1.0,1.0,7,2,48,2,1.0,1.0,1.0,0,0,48,0,1.0,1.0,1.0,1,2,48,2,0.1228813559322034,0.18641999226111375,0.1228813559322034
39,0.0038,0.02145922746781116,1.0,0.04201680672268908,0,231,0,4,1.0,1.0,1.0,2,1,48,2,1.0,1.0,1.0,2,2,48,2,1.0,0.9090909090909091,0.9523809523809523,0,0,48,0,1.0,1.0,1.0,8,13,48,2,1.0,1.0,1.0,11,10,48,2,1.0,1.0,1.0,1,0,48,2,1.0,1.0,1.0,1,3,48,2,1.0,1.0,1.0,2,0,48,2,1.0,1.0,1.0,7,4,48,2,0.012875536480686695,1.0,0.02542372881355932,0,232,0,4,0.0,0.0,0.0,0,0,0,0,0.017167381974248927,1.0,0.03375527426160338,0,231,0,4,1.0,1.0,1.0,4,1,48,2,1.0,1.0,1.0,1,0,48,2,1.0,1.0,1.0,3,0,48,2,1.0,1.0,1.0,2,3,48,2,1.0,1.0,1.0,2,2,48,2,1.0,1.0,1.0,7,6,48,2,1.0,1.0,1.0,5,5,48,2,1.0,1.0,1.0,2,1,48,2,1.0,1.0,1.0,7,2,48,2,1.0,1.0,1.0,0,0,48,0,1.0,1.0,1.0,1,2,48,2,0.1228813559322034,0.18641999226111375,0.1228813559322034
40,0.0039000000000000003,0.02145922746781116,1.0,0.04201680672268908,0,231,0,4,1.0,1.0,1.0,2,1,48,2,1.0,1.0,1.0,2,2,48,2,1.0,0.9090909090909091,0.9523809523809523,0,0,48,0,1.0,1.0,1.0,8,13,48,2,1.0,1.0,1.0,11,10,48,2,1.0,1.0,1.0,1,0,48,2,1.0,1.0,1.0,1,3,48,2,1.0,1.0,1.0,2,0,48,2,1.0,1.0,1.0,7,4,48,2,0.012875536480686695,1.0,0.02542372881355932,0,232,0,4,0.0,0.0,0.0,0,0,0,0,0.017167381974248927,1.0,0.03375527426160338,0,231,0,4,1.0,1.0,1.0,4,1,48,2,1.0,1.0,1.0,1,0,48,2,1.0,1.0,1.0,3,0,48,2,1.0,1.0,1.0,2,3,48,2,1.0,1.0,1.0,2,2,48,2,1.0,1.0,1.0,7,6,48,2,1.0,1.0,1.0,5,5,48,2,1.0,1.0,1.0,2,1,48,2,1.0,1.0,1.0,7,2,48,2,1.0,1.0,1.0,0,0,48,0,1.0,1.0,1.0,1,2,48,2,0.1228813559322034,0.18641999226111375,0.1228813559322034
41,0.004,0.02145922746781116,1.0,0.04201680672268908,0,231,0,4,1.0,1.0,1.0,2,1,48,2,1.0,1.0,1.0,2,2,48,2,1.0,0.9090909090909091,0.9523809523809523,0,0,48,0,1.0,1.0,1.0,8,13,48,2,1.0,1.0,1.0,11,10,48,2,1.0,1.0,1.0,1,0,48,2,1.0,1.0,1.0,1,3,48,2,1.0,1.0,1.0,2,0,48,2,1.0,1.0,1.0,7,4,48,2,0.012875536480686695,1.0,0.02542372881355932,0,232,0,4,0.0,0.0,0.0,0,0,0,0,0.017167381974248927,1.0,0.03375527426160338,0,231,0,4,1.0,1.0,1.0,4,1,48,2,1.0,1.0,1.0,1,0,48,2,1.0,1.0,1.0,3,0,48,2,1.0,1.0,1.0,2,3,48,2,1.0,1.0,1.0,2,2,48,2,1.0,1.0,1.0,7,6,48,2,1.0,1.0,1.0,5,5,48,2,1.0,1.0,1.0,2,1,48,2,1.0,1.0,1.0,7,2,48,2,1.0,1.0,1.0,0,0,48,0,1.0,1.0,1.0,1,2,48,2,0.1228813559322034,0.18641999226111375,0.1228813559322034
42,0.0041,0.02145922746781116,1.0,0.04201680672268908,0,231,0,4,1.0,1.0,1.0,2,1,48,2,1.0,1.0,1.0,2,2,48,2,1.0,0.9090909090909091,0.9523809523809523,0,0,48,0,1.0,1.0,1.0,8,13,48,2,1.0,1.0,1.0,11,10,48,2,1.0,1.0,1.0,1,0,48,2,1.0,1.0,1.0,1,3,48,2,1.0,1.0,1.0,2,0,48,2,1.0,1.0,1.0,7,4,48,2,0.012875536480686695,1.0,0.02542372881355932,0,232,0,4,0.0,0.0,0.0,0,0,0,0,0.017167381974248927,1.0,0.03375527426160338,0,231,0,4,1.0,1.0,1.0,4,1,48,2,1.0,1.0,1.0,1,0,48,2,1.0,1.0,1.0,3,0,48,2,1.0,1.0,1.0,2,3,48,2,1.0,1.0,1.0,2,2,48,2,1.0,1.0,1.0,7,6,48,2,1.0,1.0,1.0,5,5,48,2,1.0,1.0,1.0,2,1,48,2,1.0,1.0,1.0,7,2,48,2,1.0,1.0,1.0,0,0,48,0,1.0,1.0,1.0,1,2,48,2,0.1228813559322034,0.18641999226111375,0.1228813559322034
43,0.004200000000000001,0.02145922746781116,1.0,0.04201680672268908,0,231,0,4,1.0,1.0,1.0,2,1,48,2,1.0,1.0,1.0,2,2,48,2,1.0,0.9090909090909091,0.9523809523809523,0,0,48,0,1.0,1.0,1.0,8,13,48,2,1.0,1.0,1.0,11,10,48,2,1.0,1.0,1.0,1,0,48,2,1.0,1.0,1.0,1,3,48,2,1.0,1.0,1.0,2,0,48,2,1.0,1.0,1.0,7,4,48,2,0.012875536480686695,1.0,0.02542372881355932,0,232,0,4,0.0,0.0,0.0,0,0,0,0,0.017167381974248927,1.0,0.03375527426160338,0,231,0,4,1.0,1.0,1.0,4,1,48,2,1.0,1.0,1.0,1,0,48,2,1.0,1.0,1.0,3,0,48,2,1.0,1.0,1.0,2,3,48,2,1.0,1.0,1.0,2,2,48,2,1.0,1.0,1.0,7,6,48,2,1.0,1.0,1.0,5,5,48,2,1.0,1.0,1.0,2,1,48,2,1.0,1.0,1.0,7,2,48,2,1.0,1.0,1.0,0,0,48,0,1.0,1.0,1.0,1,2,48,2,0.1228813559322034,0.18641999226111375,0.1228813559322034
44,0.0043,0.02145922746781116,1.0,0.04201680672268908,0,231,0,4,1.0,1.0,1.0,2,1,48,2,1.0,1.0,1.0,2,2,48,2,1.0,0.9090909090909091,0.9523809523809523,0,0,48,0,1.0,1.0,1.0,8,13,48,2,1.0,1.0,1.0,11,10,48,2,1.0,1.0,1.0,1,0,48,2,1.0,1.0,1.0,1,3,48,2,1.0,1.0,1.0,2,0,48,2,1.0,1.0,1.0,7,4,48,2,0.012875536480686695,1.0,0.02542372881355932,0,232,0,4,0.0,0.0,0.0,0,0,0,0,0.017167381974248927,1.0,0.03375527426160338,0,231,0,4,1.0,1.0,1.0,4,1,48,2,1.0,1.0,1.0,1,0,48,2,1.0,1.0,1.0,3,0,48,2,1.0,1.0,1.0,2,3,48,2,1.0,1.0,1.0,2,2,48,2,1.0,1.0,1.0,7,6,48,2,1.0,1.0,1.0,5,5,48,2,1.0,1.0,1.0,2,1,48,2,1.0,1.0,1.0,7,2,48,2,1.0,1.0,1.0,0,0,48,0,1.0,1.0,1.0,1,2,48,2,0.1228813559322034,0.18641999226111375,0.1228813559322034
45,0.0044,0.02145922746781116,1.0,0.04201680672268908,0,231,0,4,1.0,1.0,1.0,2,1,48,2,1.0,1.0,1.0,2,2,48,2,1.0,0.9090909090909091,0.9523809523809523,0,0,48,0,1.0,1.0,1.0,8,13,48,2,1.0,1.0,1.0,11,10,48,2,1.0,1.0,1.0,1,0,48,2,1.0,1.0,1.0,1,3,48,2,1.0,1.0,1.0,2,0,48,2,1.0,1.0,1.0,7,4,48,2,0.012875536480686695,1.0,0.02542372881355932,0,232,0,4,0.0,0.0,0.0,0,0,0,0,0.017167381974248927,1.0,0.03375527426160338,0,231,0,4,1.0,1.0,1.0,4,1,48,2,1.0,1.0,1.0,1,0,48,2,1.0,1.0,1.0,3,0,48,2,1.0,1.0,1.0,2,3,48,2,1.0,1.0,1.0,2,2,48,2,1.0,1.0,1.0,7,6,48,2,1.0,1.0,1.0,5,5,48,2,1.0,1.0,1.0,2,1,48,2,1.0,1.0,1.0,7,2,48,2,1.0,1.0,1.0,0,0,48,0,1.0,1.0,1.0,1,2,48,2,0.1228813559322034,0.18641999226111375,0.1228813559322034
46,0.0045000000000000005,0.02145922746781116,1.0,0.04201680672268908,0,231,0,4,1.0,1.0,1.0,2,1,48,2,1.0,1.0,1.0,2,2,48,2,1.0,0.9090909090909091,0.9523809523809523,0,0,48,0,1.0,1.0,1.0,8,13,48,2,1.0,1.0,1.0,11,10,48,2,1.0,1.0,1.0,1,0,48,2,1.0,1.0,1.0,1,3,48,2,1.0,1.0,1.0,2,0,48,2,1.0,1.0,1.0,7,4,48,2,0.012875536480686695,1.0,0.02542372881355932,0,232,0,4,0.0,0.0,0.0,0,0,0,0,0.017167381974248927,1.0,0.03375527426160338,0,231,0,4,1.0,1.0,1.0,4,1,48,2,1.0,1.0,1.0,1,0,48,2,1.0,1.0,1.0,3,0,48,2,1.0,1.0,1.0,2,3,48,2,1.0,1.0,1.0,2,2,48,2,1.0,1.0,1.0,7,6,48,2,1.0,1.0,1.0,5,5,48,2,1.0,1.0,1.0,2,1,48,2,1.0,1.0,1.0,7,2,48,2,1.0,1.0,1.0,0,0,48,0,1.0,1.0,1.0,1,2,48,2,0.1228813559322034,0.18641999226111375,0.1228813559322034
47,0.0046,0.02145922746781116,1.0,0.04201680672268908,0,231,0,4,1.0,1.0,1.0,2,1,48,2,1.0,1.0,1.0,2,2,48,2,1.0,0.9090909090909091,0.9523809523809523,0,0,48,0,1.0,1.0,1.0,8,13,48,2,1.0,1.0,1.0,11,10,48,2,1.0,1.0,1.0,1,0,48,2,1.0,1.0,1.0,1,3,48,2,1.0,1.0,1.0,2,0,48,2,1.0,1.0,1.0,7,4,48,2,0.012875536480686695,1.0,0.02542372881355932,0,232,0,4,0.0,0.0,0.0,0,0,0,0,0.017167381974248927,1.0,0.03375527426160338,0,231,0,4,1.0,1.0,1.0,4,1,48,2,1.0,1.0,1.0,1,0,48,2,1.0,1.0,1.0,3,0,48,2,1.0,1.0,1.0,2,3,48,2,1.0,1.0,1.0,2,2,48,2,1.0,1.0,1.0,7,6,48,2,1.0,1.0,1.0,5,5,48,2,1.0,1.0,1.0,2,1,48,2,1.0,1.0,1.0,7,2,48,2,1.0,1.0,1.0,0,0,48,0,1.0,1.0,1.0,1,2,48,2,0.1228813559322034,0.18641999226111375,0.1228813559322034
48,0.0047,0.02145922746781116,1.0,0.04201680672268908,0,231,0,4,1.0,1.0,1.0,2,1,48,2,1.0,1.0,1.0,2,2,48,2,1.0,0.9090909090909091,0.9523809523809523,0,0,48,0,1.0,1.0,1.0,8,13,48,2,1.0,1.0,1.0,11,10,48,2,1.0,1.0,1.0,1,0,48,2,1.0,1.0,1.0,1,3,48,2,1.0,1.0,1.0,2,0,48,2,1.0,1.0,1.0,7,4,48,2,0.012875536480686695,1.0,0.02542372881355932,0,232,0,4,0.0,0.0,0.0,0,0,0,0,0.017167381974248927,1.0,0.03375527426160338,0,231,0,4,1.0,1.0,1.0,4,1,48,2,1.0,1.0,1.0,1,0,48,2,1.0,1.0,1.0,3,0,48,2,1.0,1.0,1.0,2,3,48,2,1.0,1.0,1.0,2,2,48,2,1.0,1.0,1.0,7,6,48,2,1.0,1.0,1.0,5,5,48,2,1.0,1.0,1.0,2,1,48,2,1.0,1.0,1.0,7,2,48,2,1.0,1.0,1.0,0,0,48,0,1.0,1.0,1.0,1,2,48,2,0.1228813559322034,0.18641999226111375,0.1228813559322034
49,0.0048000000000000004,0.02145922746781116,1.0,0.04201680672268908,0,231,0,4,1.0,1.0,1.0,2,1,48,2,1.0,1.0,1.0,2,2,48,2,1.0,0.9090909090909091,0.9523809523809523,0,0,48,0,1.0,1.0,1.0,8,13,48,2,1.0,1.0,1.0,11,10,48,2,1.0,1.0,1.0,1,0,48,2,1.0,1.0,1.0,1,3,48,2,1.0,1.0,1.0,2,0,48,2,1.0,1.0,1.0,7,4,48,2,0.012875536480686695,1.0,0.02542372881355932,0,232,0,4,0.0,0.0,0.0,0,0,0,0,0.017167381974248927,1.0,0.03375527426160338,0,231,0,4,1.0,1.0,1.0,4,1,48,2,1.0,1.0,1.0,1,0,48,2,1.0,1.0,1.0,3,0,48,2,1.0,1.0,1.0,2,3,48,2,1.0,1.0,1.0,2,2,48,2,1.0,1.0,1.0,7,6,48,2,1.0,1.0,1.0,5,5,48,2,1.0,1.0,1.0,2,1,48,2,1.0,1.0,1.0,7,2,48,2,1.0,1.0,1.0,0,0,48,0,1.0,1.0,1.0,1,2,48,2,0.1228813559322034,0.18641999226111375,0.1228813559322034
50,0.0049,0.02145922746781116,1.0,0.04201680672268908,0,231,0,4,1.0,1.0,1.0,2,1,48,2,1.0,1.0,1.0,2,2,48,2,1.0,0.9090909090909091,0.9523809523809523,0,0,48,0,1.0,1.0,1.0,8,13,48,2,1.0,1.0,1.0,11,10,48,2,1.0,1.0,1.0,1,0,48,2,1.0,1.0,1.0,1,3,48,2,1.0,1.0,1.0,2,0,48,2,1.0,1.0,1.0,7,4,48,2,0.012875536480686695,1.0,0.02542372881355932,0,232,0,4,0.0,0.0,0.0,0,0,0,0,0.017167381974248927,1.0,0.03375527426160338,0,231,0,4,1.0,1.0,1.0,4,1,48,2,1.0,1.0,1.0,1,0,48,2,1.0,1.0,1.0,3,0,48,2,1.0,1.0,1.0,2,3,48,2,1.0,1.0,1.0,2,2,48,2,1.0,1.0,1.0,7,6,48,2,1.0,1.0,1.0,5,5,48,2,1.0,1.0,1.0,2,1,48,2,1.0,1.0,1.0,7,2,48,2,1.0,1.0,1.0,0,0,48,0,1.0,1.0,1.0,1,2,48,2,0.1228813559322034,0.18641999226111375,0.1228813559322034
51,0.005,0.02145922746781116,1.0,0.04201680672268908,0,231,0,4,1.0,1.0,1.0,2,1,48,2,1.0,1.0,1.0,2,2,48,2,1.0,0.9090909090909091,0.9523809523809523,0,0,48,0,1.0,1.0,1.0,8,13,48,2,1.0,1.0,1.0,11,10,48,2,1.0,1.0,1.0,1,0,48,2,1.0,1.0,1.0,1,3,48,2,1.0,1.0,1.0,2,0,48,2,1.0,1.0,1.0,7,4,48,2,0.012875536480686695,1.0,0.02542372881355932,0,232,0,4,0.0,0.0,0.0,0,0,0,0,0.017167381974248927,1.0,0.03375527426160338,0,231,0,4,1.0,1.0,1.0,4,1,48,2,1.0,1.0,1.0,1,0,48,2,1.0,1.0,1.0,3,0,48,2,1.0,1.0,1.0,2,3,48,2,1.0,1.0,1.0,2,2,48,2,1.0,1.0,1.0,7,6,48,2,1.0,1.0,1.0,5,5,48,2,1.0,1.0,1.0,2,1,48,2,1.0,1.0,1.0,7,2,48,2,1.0,1.0,1.0,0,0,48,0,1.0,1.0,1.0,1,2,48,2,0.1228813559322034,0.18641999226111375,0.1228813559322034
52,0.0051,0.02145922746781116,1.0,0.04201680672268908,0,231,0,4,1.0,1.0,1.0,2,1,48,2,1.0,1.0,1.0,2,2,48,2,1.0,0.9090909090909091,0.9523809523809523,0,0,48,0,1.0,1.0,1.0,8,13,48,2,1.0,1.0,1.0,11,10,48,2,1.0,1.0,1.0,1,0,48,2,1.0,1.0,1.0,1,3,48,2,1.0,1.0,1.0,2,0,48,2,1.0,1.0,1.0,7,4,48,2,0.012875536480686695,1.0,0.02542372881355932,0,232,0,4,0.0,0.0,0.0,0,0,0,0,0.017167381974248927,1.0,0.03375527426160338,0,231,0,4,1.0,1.0,1.0,4,1,48,2,1.0,1.0,1.0,1,0,48,2,1.0,1.0,1.0,3,0,48,2,1.0,1.0,1.0,2,3,48,2,1.0,1.0,1.0,2,2,48,2,1.0,1.0,1.0,7,6,48,2,1.0,1.0,1.0,5,5,48,2,1.0,1.0,1.0,2,1,48,2,1.0,1.0,1.0,7,2,48,2,1.0,1.0,1.0,0,0,48,0,1.0,1.0,1.0,1,2,48,2,0.1228813559322034,0.18641999226111375,0.1228813559322034
53,0.005200000000000001,0.02145922746781116,1.0,0.04201680672268908,0,231,0,4,1.0,1.0,1.0,2,1,48,2,1.0,1.0,1.0,2,2,48,2,1.0,0.9090909090909091,0.9523809523809523,0,0,48,0,1.0,1.0,1.0,8,13,48,2,1.0,1.0,1.0,11,10,48,2,1.0,1.0,1.0,1,0,48,2,1.0,1.0,1.0,1,3,48,2,1.0,1.0,1.0,2,0,48,2,1.0,1.0,1.0,7,4,48,2,0.012875536480686695,1.0,0.02542372881355932,0,232,0,4,0.0,0.0,0.0,0,0,0,0,0.017167381974248927,1.0,0.03375527426160338,0,231,0,4,1.0,1.0,1.0,4,1,48,2,1.0,1.0,1.0,1,0,48,2,1.0,1.0,1.0,3,0,48,2,1.0,1.0,1.0,2,3,48,2,1.0,1.0,1.0,2,2,48,2,1.0,1.0,1.0,7,6,48,2,1.0,1.0,1.0,5,5,48,2,1.0,1.0,1.0,2,1,48,2,1.0,1.0,1.0,7,2,48,2,1.0,1.0,1.0,0,0,48,0,1.0,1.0,1.0,1,2,48,2,0.1228813559322034,0.18641999226111375,0.1228813559322034
54,0.0053,0.02145922746781116,1.0,0.04201680672268908,0,231,0,4,1.0,1.0,1.0,2,1,48,2,1.0,1.0,1.0,2,2,48,2,1.0,0.9090909090909091,0.9523809523809523,0,0,48,0,1.0,1.0,1.0,8,13,48,2,1.0,1.0,1.0,11,10,48,2,1.0,1.0,1.0,1,0,48,2,1.0,1.0,1.0,1,3,48,2,1.0,1.0,1.0,2,0,48,2,1.0,1.0,1.0,7,4,48,2,0.012875536480686695,1.0,0.02542372881355932,0,232,0,4,0.0,0.0,0.0,0,0,0,0,0.017167381974248927,1.0,0.03375527426160338,0,231,0,4,1.0,1.0,1.0,4,1,48,2,1.0,1.0,1.0,1,0,48,2,1.0,1.0,1.0,3,0,48,2,1.0,1.0,1.0,2,3,48,2,1.0,1.0,1.0,2,2,48,2,1.0,1.0,1.0,7,6,48,2,1.0,1.0,1.0,5,5,48,2,1.0,1.0,1.0,2,1,48,2,1.0,1.0,1.0,7,2,48,2,1.0,1.0,1.0,0,0,48,0,1.0,1.0,1.0,1,2,48,2,0.1228813559322034,0.18641999226111375,0.1228813559322034
55,0.0054,0.02145922746781116,1.0,0.04201680672268908,0,231,0,4,1.0,1.0,1.0,2,1,48,2,1.0,1.0,1.0,2,2,48,2,1.0,0.9090909090909091,0.9523809523809523,0,0,48,0,1.0,1.0,1.0,8,13,48,2,1.0,1.0,1.0,11,10,48,2,1.0,1.0,1.0,1,0,48,2,1.0,1.0,1.0,1,3,48,2,1.0,1.0,1.0,2,0,48,2,1.0,1.0,1.0,7,4,48,2,0.012875536480686695,1.0,0.02542372881355932,0,232,0,4,0.0,0.0,0.0,0,0,0,0,0.017167381974248927,1.0,0.03375527426160338,0,231,0,4,1.0,1.0,1.0,4,1,48,2,1.0,1.0,1.0,1,0,48,2,1.0,1.0,1.0,3,0,48,2,1.0,1.0,1.0,2,3,48,2,1.0,1.0,1.0,2,2,48,2,1.0,1.0,1.0,7,6,48,2,1.0,1.0,1.0,5,5,48,2,1.0,1.0,1.0,2,1,48,2,1.0,1.0,1.0,7,2,48,2,1.0,1.0,1.0,0,0,48,0,1.0,1.0,1.0,1,2,48,2,0.1228813559322034,0.18641999226111375,0.1228813559322034
56,0.0055000000000000005,0.02145922746781116,1.0,0.04201680672268908,0,231,0,4,1.0,1.0,1.0,2,1,48,2,1.0,1.0,1.0,2,2,48,2,1.0,0.9090909090909091,0.9523809523809523,0,0,48,0,1.0,1.0,1.0,8,13,48,2,1.0,1.0,1.0,11,10,48,2,1.0,1.0,1.0,1,0,48,2,1.0,1.0,1.0,1,3,48,2,1.0,1.0,1.0,2,0,48,2,1.0,1.0,1.0,7,4,48,2,0.012875536480686695,1.0,0.02542372881355932,0,232,0,4,0.0,0.0,0.0,0,0,0,0,0.017167381974248927,1.0,0.03375527426160338,0,231,0,4,1.0,1.0,1.0,4,1,48,2,1.0,1.0,1.0,1,0,48,2,1.0,1.0,1.0,3,0,48,2,1.0,1.0,1.0,2,3,48,2,1.0,1.0,1.0,2,2,48,2,1.0,1.0,1.0,7,6,48,2,1.0,1.0,1.0,5,5,48,2,1.0,1.0,1.0,2,1,48,2,1.0,1.0,1.0,7,2,48,2,1.0,1.0,1.0,0,0,48,0,1.0,1.0,1.0,1,2,48,2,0.1228813559322034,0.18641999226111375,0.1228813559322034
57,0.0056,0.02145922746781116,1.0,0.04201680672268908,0,231,0,4,1.0,1.0,1.0,2,1,48,2,1.0,1.0,1.0,2,2,48,2,1.0,0.9090909090909091,0.9523809523809523,0,0,48,0,1.0,1.0,1.0,8,13,48,2,1.0,1.0,1.0,11,10,48,2,1.0,1.0,1.0,1,0,48,2,1.0,1.0,1.0,1,3,48,2,1.0,1.0,1.0,2,0,48,2,1.0,1.0,1.0,7,4,48,2,0.012875536480686695,1.0,0.02542372881355932,0,232,0,4,0.0,0.0,0.0,0,0,0,0,0.017167381974248927,1.0,0.03375527426160338,0,231,0,4,1.0,1.0,1.0,4,1,48,2,1.0,1.0,1.0,1,0,48,2,1.0,1.0,1.0,3,0,48,2,1.0,1.0,1.0,2,3,48,2,1.0,1.0,1.0,2,2,48,2,1.0,1.0,1.0,7,6,48,2,1.0,1.0,1.0,5,5,48,2,1.0,1.0,1.0,2,1,48,2,1.0,1.0,1.0,7,2,48,2,1.0,1.0,1.0,0,0,48,0,1.0,1.0,1.0,1,2,48,2,0.1228813559322034,0.18641999226111375,0.1228813559322034
58,0.0057,0.02145922746781116,1.0,0.04201680672268908,0,231,0,4,1.0,1.0,1.0,2,1,48,2,1.0,1.0,1.0,2,2,48,2,1.0,0.9090909090909091,0.9523809523809523,0,0,48,0,1.0,1.0,1.0,8,13,48,2,1.0,1.0,1.0,11,10,48,2,1.0,1.0,1.0,1,0,48,2,1.0,1.0,1.0,1,3,48,2,1.0,1.0,1.0,2,0,48,2,1.0,1.0,1.0,7,4,48,2,0.012875536480686695,1.0,0.02542372881355932,0,232,0,4,0.0,0.0,0.0,0,0,0,0,0.017167381974248927,1.0,0.03375527426160338,0,231,0,4,1.0,1.0,1.0,4,1,48,2,1.0,1.0,1.0,1,0,48,2,1.0,1.0,1.0,3,0,48,2,1.0,1.0,1.0,2,3,48,2,1.0,1.0,1.0,2,2,48,2,1.0,1.0,1.0,7,6,48,2,1.0,1.0,1.0,5,5,48,2,1.0,1.0,1.0,2,1,48,2,1.0,1.0,1.0,7,2,48,2,1.0,1.0,1.0,0,0,48,0,1.0,1.0,1.0,1,2,48,2,0.1228813559322034,0.18641999226111375,0.1228813559322034
59,0.0058000000000000005,0.02145922746781116,1.0,0.04201680672268908,0,231,0,4,1.0,1.0,1.0,2,1,48,2,1.0,1.0,1.0,2,2,48,2,1.0,0.9090909090909091,0.9523809523809523,0,0,48,0,1.0,1.0,1.0,8,13,48,2,1.0,1.0,1.0,11,10,48,2,1.0,1.0,1.0,1,0,48,2,1.0,1.0,1.0,1,3,48,2,1.0,1.0,1.0,2,0,48,2,1.0,1.0,1.0,7,4,48,2,0.012875536480686695,1.0,0.02542372881355932,0,232,0,4,0.0,0.0,0.0,0,0,0,0,0.017167381974248927,1.0,0.03375527426160338,0,231,0,4,1.0,1.0,1.0,4,1,48,2,1.0,1.0,1.0,1,0,48,2,1.0,1.0,1.0,3,0,48,2,1.0,1.0,1.0,2,3,48,2,1.0,1.0,1.0,2,2,48,2,1.0,1.0,1.0,7,6,48,2,1.0,1.0,1.0,5,5,48,2,1.0,1.0,1.0,2,1,48,2,1.0,1.0,1.0,7,2,48,2,1.0,1.0,1.0,0,0,48,0,1.0,1.0,1.0,1,2,48,2,0.1228813559322034,0.18641999226111375,0.1228813559322034
60,0.0059,0.02145922746781116,1.0,0.04201680672268908,0,231,0,4,1.0,1.0,1.0,2,1,48,2,1.0,1.0,1.0,2,2,48,2,1.0,0.9090909090909091,0.9523809523809523,0,0,48,0,1.0,1.0,1.0,8,13,48,2,1.0,1.0,1.0,11,10,48,2,1.0,1.0,1.0,1,0,48,2,1.0,1.0,1.0,1,3,48,2,1.0,1.0,1.0,2,0,48,2,1.0,1.0,1.0,7,4,48,2,0.012875536480686695,1.0,0.02542372881355932,0,232,0,4,0.0,0.0,0.0,0,0,0,0,0.017167381974248927,1.0,0.03375527426160338,0,231,0,4,1.0,1.0,1.0,4,1,48,2,1.0,1.0,1.0,1,0,48,2,1.0,1.0,1.0,3,0,48,2,1.0,1.0,1.0,2,3,48,2,1.0,1.0,1.0,2,2,48,2,1.0,1.0,1.0,7,6,48,2,1.0,1.0,1.0,5,5,48,2,1.0,1.0,1.0,2,1,48,2,1.0,1.0,1.0,7,2,48,2,1.0,1.0,1.0,0,0,48,0,1.0,1.0,1.0,1,2,48,2,0.1228813559322034,0.18641999226111375,0.1228813559322034
61,0.006,0.02145922746781116,1.0,0.04201680672268908,0,231,0,4,1.0,1.0,1.0,2,1,48,2,1.0,1.0,1.0,2,2,48,2,1.0,0.9090909090909091,0.9523809523809523,0,0,48,0,1.0,1.0,1.0,8,13,48,2,1.0,1.0,1.0,11,10,48,2,1.0,1.0,1.0,1,0,48,2,1.0,1.0,1.0,1,3,48,2,1.0,1.0,1.0,2,0,48,2,1.0,1.0,1.0,7,4,48,2,0.012875536480686695,1.0,0.02542372881355932,0,232,0,4,0.0,0.0,0.0,0,0,0,0,0.017167381974248927,1.0,0.03375527426160338,0,231,0,4,1.0,1.0,1.0,4,1,48,2,1.0,1.0,1.0,1,0,48,2,1.0,1.0,1.0,3,0,48,2,1.0,1.0,1.0,2,3,48,2,1.0,1.0,1.0,2,2,48,2,1.0,1.0,1.0,7,6,48,2,1.0,1.0,1.0,5,5,48,2,1.0,1.0,1.0,2,1,48,2,1.0,1.0,1.0,7,2,48,2,1.0,1.0,1.0,0,0,48,0,1.0,1.0,1.0,1,2,48,2,0.1228813559322034,0.18641999226111375,0.1228813559322034
62,0.0061,0.02145922746781116,1.0,0.04201680672268908,0,231,0,4,1.0,1.0,1.0,2,1,48,2,1.0,1.0,1.0,2,2,48,2,1.0,0.9090909090909091,0.9523809523809523,0,0,48,0,1.0,1.0,1.0,8,13,48,2,1.0,1.0,1.0,11,10,48,2,1.0,1.0,1.0,1,0,48,2,1.0,1.0,1.0,1,3,48,2,1.0,1.0,1.0,2,0,48,2,1.0,1.0,1.0,7,4,48,2,0.012875536480686695,1.0,0.02542372881355932,0,232,0,4,0.0,0.0,0.0,0,0,0,0,0.017167381974248927,1.0,0.03375527426160338,0,231,0,4,1.0,1.0,1.0,4,1,48,2,1.0,1.0,1.0,1,0,48,2,1.0,1.0,1.0,3,0,48,2,1.0,1.0,1.0,2,3,48,2,1.0,1.0,1.0,2,2,48,2,1.0,1.0,1.0,7,6,48,2,1.0,1.0,1.0,5,5,48,2,1.0,1.0,1.0,2,1,48,2,1.0,1.0,1.0,7,2,48,2,1.0,1.0,1.0,0,0,48,0,1.0,1.0,1.0,1,2,48,2,0.1228813559322034,0.18641999226111375,0.1228813559322034
63,0.006200000000000001,0.02145922746781116,1.0,0.04201680672268908,0,231,0,4,1.0,1.0,1.0,2,1,48,2,1.0,1.0,1.0,2,2,48,2,1.0,0.9090909090909091,0.9523809523809523,0,0,48,0,1.0,1.0,1.0,8,13,48,2,1.0,1.0,1.0,11,10,48,2,1.0,1.0,1.0,1,0,48,2,1.0,1.0,1.0,1,3,48,2,1.0,1.0,1.0,2,0,48,2,1.0,1.0,1.0,7,4,48,2,0.012875536480686695,1.0,0.02542372881355932,0,232,0,4,0.0,0.0,0.0,0,0,0,0,0.017167381974248927,1.0,0.03375527426160338,0,231,0,4,1.0,1.0,1.0,4,1,48,2,1.0,1.0,1.0,1,0,48,2,1.0,1.0,1.0,3,0,48,2,1.0,1.0,1.0,2,3,48,2,1.0,1.0,1.0,2,2,48,2,1.0,1.0,1.0,7,6,48,2,1.0,1.0,1.0,5,5,48,2,1.0,1.0,1.0,2,1,48,2,1.0,1.0,1.0,7,2,48,2,1.0,1.0,1.0,0,0,48,0,1.0,1.0,1.0,1,2,48,2,0.1228813559322034,0.18641999226111375,0.1228813559322034
64,0.0063,0.02145922746781116,1.0,0.04201680672268908,0,231,0,4,1.0,1.0,1.0,2,1,48,2,1.0,1.0,1.0,2,2,48,2,1.0,0.9090909090909091,0.9523809523809523,0,0,48,0,1.0,1.0,1.0,8,13,48,2,1.0,1.0,1.0,11,10,48,2,1.0,1.0,1.0,1,0,48,2,1.0,1.0,1.0,1,3,48,2,1.0,1.0,1.0,2,0,48,2,1.0,1.0,1.0,7,4,48,2,0.012875536480686695,1.0,0.02542372881355932,0,232,0,4,0.0,0.0,0.0,0,0,0,0,0.017167381974248927,1.0,0.03375527426160338,0,231,0,4,1.0,1.0,1.0,4,1,48,2,1.0,1.0,1.0,1,0,48,2,1.0,1.0,1.0,3,0,48,2,1.0,1.0,1.0,2,3,48,2,1.0,1.0,1.0,2,2,48,2,1.0,1.0,1.0,7,6,48,2,1.0,1.0,1.0,5,5,48,2,1.0,1.0,1.0,2,1,48,2,1.0,1.0,1.0,7,2,48,2,1.0,1.0,1.0,0,0,48,0,1.0,1.0,1.0,1,2,48,2,0.1228813559322034,0.18641999226111375,0.1228813559322034
65,0.0064,0.02145922746781116,1.0,0.04201680672268908,0,231,0,4,1.0,1.0,1.0,2,1,48,2,1.0,1.0,1.0,2,2,48,2,1.0,0.9090909090909091,0.9523809523809523,0,0,48,0,1.0,1.0,1.0,8,13,48,2,1.0,1.0,1.0,11,10,48,2,1.0,1.0,1.0,1,0,48,2,1.0,1.0,1.0,1,3,48,2,1.0,1.0,1.0,2,0,48,2,1.0,1.0,1.0,7,4,48,2,0.012875536480686695,1.0,0.02542372881355932,0,232,0,4,0.0,0.0,0.0,0,0,0,0,0.017167381974248927,1.0,0.03375527426160338,0,231,0,4,1.0,1.0,1.0,4,1,48,2,1.0,1.0,1.0,1,0,48,2,1.0,1.0,1.0,3,0,48,2,1.0,1.0,1.0,2,3,48,2,1.0,1.0,1.0,2,2,48,2,1.0,1.0,1.0,7,6,48,2,1.0,1.0,1.0,5,5,48,2,1.0,1.0,1.0,2,1,48,2,1.0,1.0,1.0,7,2,48,2,1.0,1.0,1.0,0,0,48,0,1.0,1.0,1.0,1,2,48,2,0.1228813559322034,0.18641999226111375,0.1228813559322034
66,0.006500000000000001,0.02145922746781116,1.0,0.04201680672268908,0,231,0,4,1.0,1.0,1.0,2,1,48,2,1.0,1.0,1.0,2,2,48,2,1.0,0.9090909090909091,0.9523809523809523,0,0,48,0,1.0,1.0,1.0,8,13,48,2,1.0,1.0,1.0,11,10,48,2,1.0,1.0,1.0,1,0,48,2,1.0,1.0,1.0,1,3,48,2,1.0,1.0,1.0,2,0,48,2,1.0,1.0,1.0,7,4,48,2,0.012875536480686695,1.0,0.02542372881355932,0,232,0,4,0.0,0.0,0.0,0,0,0,0,0.017167381974248927,1.0,0.03375527426160338,0,231,0,4,1.0,1.0,1.0,4,1,48,2,1.0,1.0,1.0,1,0,48,2,1.0,1.0,1.0,3,0,48,2,1.0,1.0,1.0,2,3,48,2,1.0,1.0,1.0,2,2,48,2,1.0,1.0,1.0,7,6,48,2,1.0,1.0,1.0,5,5,48,2,1.0,1.0,1.0,2,1,48,2,1.0,1.0,1.0,7,2,48,2,1.0,1.0,1.0,0,0,48,0,1.0,1.0,1.0,1,2,48,2,0.1228813559322034,0.18641999226111375,0.1228813559322034
67,0.0066,0.02145922746781116,1.0,0.04201680672268908,0,231,0,4,1.0,1.0,1.0,2,1,48,2,1.0,1.0,1.0,2,2,48,2,1.0,0.9090909090909091,0.9523809523809523,0,0,48,0,1.0,1.0,1.0,8,13,48,2,1.0,1.0,1.0,11,10,48,2,1.0,1.0,1.0,1,0,48,2,1.0,1.0,1.0,1,3,48,2,1.0,1.0,1.0,2,0,48,2,1.0,1.0,1.0,7,4,48,2,0.012875536480686695,1.0,0.02542372881355932,0,232,0,4,0.0,0.0,0.0,0,0,0,0,0.017167381974248927,1.0,0.03375527426160338,0,231,0,4,1.0,1.0,1.0,4,1,48,2,1.0,1.0,1.0,1,0,48,2,1.0,1.0,1.0,3,0,48,2,1.0,1.0,1.0,2,3,48,2,1.0,1.0,1.0,2,2,48,2,1.0,1.0,1.0,7,6,48,2,1.0,1.0,1.0,5,5,48,2,1.0,1.0,1.0,2,1,48,2,1.0,1.0,1.0,7,2,48,2,1.0,1.0,1.0,0,0,48,0,1.0,1.0,1.0,1,2,48,2,0.1228813559322034,0.18641999226111375,0.1228813559322034
68,0.0067,0.02145922746781116,1.0,0.04201680672268908,0,231,0,4,1.0,1.0,1.0,2,1,48,2,1.0,1.0,1.0,2,2,48,2,1.0,0.9090909090909091,0.9523809523809523,0,0,48,0,1.0,1.0,1.0,8,13,48,2,1.0,1.0,1.0,11,10,48,2,1.0,1.0,1.0,1,0,48,2,1.0,1.0,1.0,1,3,48,2,1.0,1.0,1.0,2,0,48,2,1.0,1.0,1.0,7,4,48,2,0.012875536480686695,1.0,0.02542372881355932,0,232,0,4,0.0,0.0,0.0,0,0,0,0,0.017167381974248927,1.0,0.03375527426160338,0,231,0,4,1.0,1.0,1.0,4,1,48,2,1.0,1.0,1.0,1,0,48,2,1.0,1.0,1.0,3,0,48,2,1.0,1.0,1.0,2,3,48,2,1.0,1.0,1.0,2,2,48,2,1.0,1.0,1.0,7,6,48,2,1.0,1.0,1.0,5,5,48,2,1.0,1.0,1.0,2,1,48,2,1.0,1.0,1.0,7,2,48,2,1.0,1.0,1.0,0,0,48,0,1.0,1.0,1.0,1,2,48,2,0.1228813559322034,0.18641999226111375,0.1228813559322034
69,0.0068000000000000005,0.02145922746781116,1.0,0.04201680672268908,0,231,0,4,1.0,1.0,1.0,2,1,48,2,1.0,1.0,1.0,2,2,48,2,1.0,0.9090909090909091,0.9523809523809523,0,0,48,0,1.0,1.0,1.0,8,13,48,2,1.0,1.0,1.0,11,10,48,2,1.0,1.0,1.0,1,0,48,2,1.0,1.0,1.0,1,3,48,2,1.0,1.0,1.0,2,0,48,2,1.0,1.0,1.0,7,4,48,2,0.012875536480686695,1.0,0.02542372881355932,0,232,0,4,0.0,0.0,0.0,0,0,0,0,0.017167381974248927,1.0,0.03375527426160338,0,231,0,4,1.0,1.0,1.0,4,1,48,2,1.0,1.0,1.0,1,0,48,2,1.0,1.0,1.0,3,0,48,2,1.0,1.0,1.0,2,3,48,2,1.0,1.0,1.0,2,2,48,2,1.0,1.0,1.0,7,6,48,2,1.0,1.0,1.0,5,5,48,2,1.0,1.0,1.0,2,1,48,2,1.0,1.0,1.0,7,2,48,2,1.0,1.0,1.0,0,0,48,0,1.0,1.0,1.0,1,2,48,2,0.1228813559322034,0.18641999226111375,0.1228813559322034
70,0.006900000000000001,0.02145922746781116,1.0,0.04201680672268908,0,231,0,4,1.0,1.0,1.0,2,1,48,2,1.0,1.0,1.0,2,2,48,2,1.0,0.9090909090909091,0.9523809523809523,0,0,48,0,1.0,1.0,1.0,8,13,48,2,1.0,1.0,1.0,11,10,48,2,1.0,1.0,1.0,1,0,48,2,1.0,1.0,1.0,1,3,48,2,1.0,1.0,1.0,2,0,48,2,1.0,1.0,1.0,7,4,48,2,0.012875536480686695,1.0,0.02542372881355932,0,232,0,4,0.0,0.0,0.0,0,0,0,0,0.017167381974248927,1.0,0.03375527426160338,0,231,0,4,1.0,1.0,1.0,4,1,48,2,1.0,1.0,1.0,1,0,48,2,1.0,1.0,1.0,3,0,48,2,1.0,1.0,1.0,2,3,48,2,1.0,1.0,1.0,2,2,48,2,1.0,1.0,1.0,7,6,48,2,1.0,1.0,1.0,5,5,48,2,1.0,1.0,1.0,2,1,48,2,1.0,1.0,1.0,7,2,48,2,1.0,1.0,1.0,0,0,48,0,1.0,1.0,1.0,1,2,48,2,0.1228813559322034,0.18641999226111375,0.1228813559322034
71,0.007,0.02145922746781116,1.0,0.04201680672268908,0,231,0,4,1.0,1.0,1.0,2,1,48,2,1.0,1.0,1.0,2,2,48,2,1.0,0.9090909090909091,0.9523809523809523,0,0,48,0,1.0,1.0,1.0,8,13,48,2,1.0,1.0,1.0,11,10,48,2,1.0,1.0,1.0,1,0,48,2,1.0,1.0,1.0,1,3,48,2,1.0,1.0,1.0,2,0,48,2,1.0,1.0,1.0,7,4,48,2,0.012875536480686695,1.0,0.02542372881355932,0,232,0,4,0.0,0.0,0.0,0,0,0,0,0.017167381974248927,1.0,0.03375527426160338,0,231,0,4,1.0,1.0,1.0,4,1,48,2,1.0,1.0,1.0,1,0,48,2,1.0,1.0,1.0,3,0,48,2,1.0,1.0,1.0,2,3,48,2,1.0,1.0,1.0,2,2,48,2,1.0,1.0,1.0,7,6,48,2,1.0,1.0,1.0,5,5,48,2,1.0,1.0,1.0,2,1,48,2,1.0,1.0,1.0,7,2,48,2,1.0,1.0,1.0,0,0,48,0,1.0,1.0,1.0,1,2,48,2,0.1228813559322034,0.18641999226111375,0.1228813559322034
72,0.0071,0.02145922746781116,1.0,0.04201680672268908,0,231,0,4,1.0,1.0,1.0,2,1,48,2,1.0,1.0,1.0,2,2,48,2,1.0,0.9090909090909091,0.9523809523809523,0,0,48,0,1.0,1.0,1.0,8,13,48,2,1.0,1.0,1.0,11,10,48,2,1.0,1.0,1.0,1,0,48,2,1.0,1.0,1.0,1,3,48,2,1.0,1.0,1.0,2,0,48,2,1.0,1.0,1.0,7,4,48,2,0.012875536480686695,1.0,0.02542372881355932,0,232,0,4,0.0,0.0,0.0,0,0,0,0,0.017167381974248927,1.0,0.03375527426160338,0,231,0,4,1.0,1.0,1.0,4,1,48,2,1.0,1.0,1.0,1,0,48,2,1.0,1.0,1.0,3,0,48,2,1.0,1.0,1.0,2,3,48,2,1.0,1.0,1.0,2,2,48,2,1.0,1.0,1.0,7,6,48,2,1.0,1.0,1.0,5,5,48,2,1.0,1.0,1.0,2,1,48,2,1.0,1.0,1.0,7,2,48,2,1.0,1.0,1.0,0,0,48,0,1.0,1.0,1.0,1,2,48,2,0.1228813559322034,0.18641999226111375,0.1228813559322034
73,0.007200000000000001,0.02145922746781116,1.0,0.04201680672268908,0,231,0,4,1.0,1.0,1.0,2,1,48,2,1.0,1.0,1.0,2,2,48,2,1.0,0.9090909090909091,0.9523809523809523,0,0,48,0,1.0,1.0,1.0,8,13,48,2,1.0,1.0,1.0,11,10,48,2,1.0,1.0,1.0,1,0,48,2,1.0,1.0,1.0,1,3,48,2,1.0,1.0,1.0,2,0,48,2,1.0,1.0,1.0,7,4,48,2,0.012875536480686695,1.0,0.02542372881355932,0,232,0,4,0.0,0.0,0.0,0,0,0,0,0.017167381974248927,1.0,0.03375527426160338,0,231,0,4,1.0,1.0,1.0,4,1,48,2,1.0,1.0,1.0,1,0,48,2,1.0,1.0,1.0,3,0,48,2,1.0,1.0,1.0,2,3,48,2,1.0,1.0,1.0,2,2,48,2,1.0,1.0,1.0,7,6,48,2,1.0,1.0,1.0,5,5,48,2,1.0,1.0,1.0,2,1,48,2,1.0,1.0,1.0,7,2,48,2,1.0,1.0,1.0,0,0,48,0,1.0,1.0,1.0,1,2,48,2,0.1228813559322034,0.18641999226111375,0.1228813559322034
74,0.0073,0.02145922746781116,1.0,0.04201680672268908,0,231,0,4,1.0,1.0,1.0,2,1,48,2,1.0,1.0,1.0,2,2,48,2,1.0,0.9090909090909091,0.9523809523809523,0,0,48,0,1.0,1.0,1.0,8,13,48,2,1.0,1.0,1.0,11,10,48,2,1.0,1.0,1.0,1,0,48,2,1.0,1.0,1.0,1,3,48,2,1.0,1.0,1.0,2,0,48,2,1.0,1.0,1.0,7,4,48,2,0.012875536480686695,1.0,0.02542372881355932,0,232,0,4,0.0,0.0,0.0,0,0,0,0,0.017167381974248927,1.0,0.03375527426160338,0,231,0,4,1.0,1.0,1.0,4,1,48,2,1.0,1.0,1.0,1,0,48,2,1.0,1.0,1.0,3,0,48,2,1.0,1.0,1.0,2,3,48,2,1.0,1.0,1.0,2,2,48,2,1.0,1.0,1.0,7,6,48,2,1.0,1.0,1.0,5,5,48,2,1.0,1.0,1.0,2,1,48,2,1.0,1.0,1.0,7,2,48,2,1.0,1.0,1.0,0,0,48,0,1.0,1.0,1.0,1,2,48,2,0.1228813559322034,0.18641999226111375,0.1228813559322034
75,0.0074,0.02145922746781116,1.0,0.04201680672268908,0,231,0,4,1.0,1.0,1.0,2,1,48,2,1.0,1.0,1.0,2,2,48,2,1.0,0.9090909090909091,0.9523809523809523,0,0,48,0,1.0,1.0,1.0,8,13,48,2,1.0,1.0,1.0,11,10,48,2,1.0,1.0,1.0,1,0,48,2,1.0,1.0,1.0,1,3,48,2,1.0,1.0,1.0,2,0,48,2,1.0,1.0,1.0,7,4,48,2,0.012875536480686695,1.0,0.02542372881355932,0,232,0,4,0.0,0.0,0.0,0,0,0,0,0.017167381974248927,1.0,0.03375527426160338,0,231,0,4,1.0,1.0,1.0,4,1,48,2,1.0,1.0,1.0,1,0,48,2,1.0,1.0,1.0,3,0,48,2,1.0,1.0,1.0,2,3,48,2,1.0,1.0,1.0,2,2,48,2,1.0,1.0,1.0,7,6,48,2,1.0,1.0,1.0,5,5,48,2,1.0,1.0,1.0,2,1,48,2,1.0,1.0,1.0,7,2,48,2,1.0,1.0,1.0,0,0,48,0,1.0,1.0,1.0,1,2,48,2,0.1228813559322034,0.18641999226111375,0.1228813559322034
76,0.007500000000000001,0.02145922746781116,1.0,0.04201680672268908,0,231,0,4,1.0,1.0,1.0,2,1,48,2,1.0,1.0,1.0,2,2,48,2,1.0,0.9090909090909091,0.9523809523809523,0,0,48,0,1.0,1.0,1.0,8,13,48,2,1.0,1.0,1.0,11,10,48,2,1.0,1.0,1.0,1,0,48,2,1.0,1.0,1.0,1,3,48,2,1.0,1.0,1.0,2,0,48,2,1.0,1.0,1.0,7,4,48,2,0.012875536480686695,1.0,0.02542372881355932,0,232,0,4,0.0,0.0,0.0,0,0,0,0,0.017167381974248927,1.0,0.03375527426160338,0,231,0,4,1.0,1.0,1.0,4,1,48,2,1.0,1.0,1.0,1,0,48,2,1.0,1.0,1.0,3,0,48,2,1.0,1.0,1.0,2,3,48,2,1.0,1.0,1.0,2,2,48,2,1.0,1.0,1.0,7,6,48,2,1.0,1.0,1.0,5,5,48,2,1.0,1.0,1.0,2,1,48,2,1.0,1.0,1.0,7,2,48,2,1.0,1.0,1.0,0,0,48,0,1.0,1.0,1.0,1,2,48,2,0.1228813559322034,0.18641999226111375,0.1228813559322034
77,0.0076,0.02145922746781116,1.0,0.04201680672268908,0,231,0,4,1.0,1.0,1.0,2,1,48,2,1.0,1.0,1.0,2,2,48,2,1.0,0.9090909090909091,0.9523809523809523,0,0,48,0,1.0,1.0,1.0,8,13,48,2,1.0,1.0,1.0,11,10,48,2,1.0,1.0,1.0,1,0,48,2,1.0,1.0,1.0,1,3,48,2,1.0,1.0,1.0,2,0,48,2,1.0,1.0,1.0,7,4,48,2,0.012875536480686695,1.0,0.02542372881355932,0,232,0,4,0.0,0.0,0.0,0,0,0,0,0.017167381974248927,1.0,0.03375527426160338,0,231,0,4,1.0,1.0,1.0,4,1,48,2,1.0,1.0,1.0,1,0,48,2,1.0,1.0,1.0,3,0,48,2,1.0,1.0,1.0,2,3,48,2,1.0,1.0,1.0,2,2,48,2,1.0,1.0,1.0,7,6,48,2,1.0,1.0,1.0,5,5,48,2,1.0,1.0,1.0,2,1,48,2,1.0,1.0,1.0,7,2,48,2,1.0,1.0,1.0,0,0,48,0,1.0,1.0,1.0,1,2,48,2,0.1228813559322034,0.18641999226111375,0.1228813559322034
78,0.0077,0.02145922746781116,1.0,0.04201680672268908,0,231,0,4,1.0,1.0,1.0,2,1,48,2,1.0,1.0,1.0,2,2,48,2,1.0,0.9090909090909091,0.9523809523809523,0,0,48,0,1.0,1.0,1.0,8,13,48,2,1.0,1.0,1.0,11,10,48,2,1.0,1.0,1.0,1,0,48,2,1.0,1.0,1.0,1,3,48,2,1.0,1.0,1.0,2,0,48,2,1.0,1.0,1.0,7,4,48,2,0.012875536480686695,1.0,0.02542372881355932,0,232,0,4,0.0,0.0,0.0,0,0,0,0,0.017167381974248927,1.0,0.03375527426160338,0,231,0,4,1.0,1.0,1.0,4,1,48,2,1.0,1.0,1.0,1,0,48,2,1.0,1.0,1.0,3,0,48,2,1.0,1.0,1.0,2,3,48,2,1.0,1.0,1.0,2,2,48,2,1.0,1.0,1.0,7,6,48,2,1.0,1.0,1.0,5,5,48,2,1.0,1.0,1.0,2,1,48,2,1.0,1.0,1.0,7,2,48,2,1.0,1.0,1.0,0,0,48,0,1.0,1.0,1.0,1,2,48,2,0.1228813559322034,0.18641999226111375,0.1228813559322034
79,0.0078000000000000005,0.02145922746781116,1.0,0.04201680672268908,0,231,0,4,1.0,1.0,1.0,2,1,48,2,1.0,1.0,1.0,2,2,48,2,1.0,0.9090909090909091,0.9523809523809523,0,0,48,0,1.0,1.0,1.0,8,13,48,2,1.0,1.0,1.0,11,10,48,2,1.0,1.0,1.0,1,0,48,2,1.0,1.0,1.0,1,3,48,2,1.0,1.0,1.0,2,0,48,2,1.0,1.0,1.0,7,4,48,2,0.012875536480686695,1.0,0.02542372881355932,0,232,0,4,0.0,0.0,0.0,0,0,0,0,0.017167381974248927,1.0,0.03375527426160338,0,231,0,4,1.0,1.0,1.0,4,1,48,2,1.0,1.0,1.0,1,0,48,2,1.0,1.0,1.0,3,0,48,2,1.0,1.0,1.0,2,3,48,2,1.0,1.0,1.0,2,2,48,2,1.0,1.0,1.0,7,6,48,2,1.0,1.0,1.0,5,5,48,2,1.0,1.0,1.0,2,1,48,2,1.0,1.0,1.0,7,2,48,2,1.0,1.0,1.0,0,0,48,0,1.0,1.0,1.0,1,2,48,2,0.1228813559322034,0.18641999226111375,0.1228813559322034
80,0.0079,0.02145922746781116,1.0,0.04201680672268908,0,231,0,4,1.0,1.0,1.0,2,1,48,2,1.0,1.0,1.0,2,2,48,2,1.0,0.9090909090909091,0.9523809523809523,0,0,48,0,1.0,1.0,1.0,8,13,48,2,1.0,1.0,1.0,11,10,48,2,1.0,1.0,1.0,1,0,48,2,1.0,1.0,1.0,1,3,48,2,1.0,1.0,1.0,2,0,48,2,1.0,1.0,1.0,7,4,48,2,0.012875536480686695,1.0,0.02542372881355932,0,232,0,4,0.0,0.0,0.0,0,0,0,0,0.017167381974248927,1.0,0.03375527426160338,0,231,0,4,1.0,1.0,1.0,4,1,48,2,1.0,1.0,1.0,1,0,48,2,1.0,1.0,1.0,3,0,48,2,1.0,1.0,1.0,2,3,48,2,1.0,1.0,1.0,2,2,48,2,1.0,1.0,1.0,7,6,48,2,1.0,1.0,1.0,5,5,48,2,1.0,1.0,1.0,2,1,48,2,1.0,1.0,1.0,7,2,48,2,1.0,1.0,1.0,0,0,48,0,1.0,1.0,1.0,1,2,48,2,0.1228813559322034,0.18641999226111375,0.1228813559322034
81,0.008,0.02145922746781116,1.0,0.04201680672268908,0,231,0,4,1.0,1.0,1.0,2,1,48,2,1.0,1.0,1.0,2,2,48,2,1.0,0.9090909090909091,0.9523809523809523,0,0,48,0,1.0,1.0,1.0,8,13,48,2,1.0,1.0,1.0,11,10,48,2,1.0,1.0,1.0,1,0,48,2,1.0,1.0,1.0,1,3,48,2,1.0,1.0,1.0,2,0,48,2,1.0,1.0,1.0,7,4,48,2,0.012875536480686695,1.0,0.02542372881355932,0,232,0,4,0.0,0.0,0.0,0,0,0,0,0.017167381974248927,1.0,0.03375527426160338,0,231,0,4,1.0,1.0,1.0,4,1,48,2,1.0,1.0,1.0,1,0,48,2,1.0,1.0,1.0,3,0,48,2,1.0,1.0,1.0,2,3,48,2,1.0,1.0,1.0,2,2,48,2,1.0,1.0,1.0,7,6,48,2,1.0,1.0,1.0,5,5,48,2,1.0,1.0,1.0,2,1,48,2,1.0,1.0,1.0,7,2,48,2,1.0,1.0,1.0,0,0,48,0,1.0,1.0,1.0,1,2,48,2,0.1228813559322034,0.18641999226111375,0.1228813559322034
82,0.0081,0.02145922746781116,1.0,0.04201680672268908,0,231,0,4,1.0,1.0,1.0,2,1,48,2,1.0,1.0,1.0,2,2,48,2,1.0,0.9090909090909091,0.9523809523809523,0,0,48,0,1.0,1.0,1.0,8,13,48,2,1.0,1.0,1.0,11,10,48,2,1.0,1.0,1.0,1,0,48,2,1.0,1.0,1.0,1,3,48,2,1.0,1.0,1.0,2,0,48,2,1.0,1.0,1.0,7,4,48,2,0.012875536480686695,1.0,0.02542372881355932,0,232,0,4,0.0,0.0,0.0,0,0,0,0,0.017167381974248927,1.0,0.03375527426160338,0,231,0,4,1.0,1.0,1.0,4,1,48,2,1.0,1.0,1.0,1,0,48,2,1.0,1.0,1.0,3,0,48,2,1.0,1.0,1.0,2,3,48,2,1.0,1.0,1.0,2,2,48,2,1.0,1.0,1.0,7,6,48,2,1.0,1.0,1.0,5,5,48,2,1.0,1.0,1.0,2,1,48,2,1.0,1.0,1.0,7,2,48,2,1.0,1.0,1.0,0,0,48,0,1.0,1.0,1.0,1,2,48,2,0.1228813559322034,0.18641999226111375,0.1228813559322034
83,0.0082,0.02145922746781116,1.0,0.04201680672268908,0,231,0,4,1.0,1.0,1.0,2,1,48,2,1.0,1.0,1.0,2,2,48,2,1.0,0.9090909090909091,0.9523809523809523,0,0,48,0,1.0,1.0,1.0,8,13,48,2,1.0,1.0,1.0,11,10,48,2,1.0,1.0,1.0,1,0,48,2,1.0,1.0,1.0,1,3,48,2,1.0,1.0,1.0,2,0,48,2,1.0,1.0,1.0,7,4,48,2,0.012875536480686695,1.0,0.02542372881355932,0,232,0,4,0.0,0.0,0.0,0,0,0,0,0.017167381974248927,1.0,0.03375527426160338,0,231,0,4,1.0,1.0,1.0,4,1,48,2,1.0,1.0,1.0,1,0,48,2,1.0,1.0,1.0,3,0,48,2,1.0,1.0,1.0,2,3,48,2,1.0,1.0,1.0,2,2,48,2,1.0,1.0,1.0,7,6,48,2,1.0,1.0,1.0,5,5,48,2,1.0,1.0,1.0,2,1,48,2,1.0,1.0,1.0,7,2,48,2,1.0,1.0,1.0,0,0,48,0,1.0,1.0,1.0,1,2,48,2,0.1228813559322034,0.18641999226111375,0.1228813559322034
84,0.0083,0.02145922746781116,1.0,0.04201680672268908,0,231,0,4,1.0,1.0,1.0,2,1,48,2,1.0,1.0,1.0,2,2,48,2,1.0,0.9090909090909091,0.9523809523809523,0,0,48,0,1.0,1.0,1.0,8,13,48,2,1.0,1.0,1.0,11,10,48,2,1.0,1.0,1.0,1,0,48,2,1.0,1.0,1.0,1,3,48,2,1.0,1.0,1.0,2,0,48,2,1.0,1.0,1.0,7,4,48,2,0.012875536480686695,1.0,0.02542372881355932,0,232,0,4,0.0,0.0,0.0,0,0,0,0,0.017167381974248927,1.0,0.03375527426160338,0,231,0,4,1.0,1.0,1.0,4,1,48,2,1.0,1.0,1.0,1,0,48,2,1.0,1.0,1.0,3,0,48,2,1.0,1.0,1.0,2,3,48,2,1.0,1.0,1.0,2,2,48,2,1.0,1.0,1.0,7,6,48,2,1.0,1.0,1.0,5,5,48,2,1.0,1.0,1.0,2,1,48,2,1.0,1.0,1.0,7,2,48,2,1.0,1.0,1.0,0,0,48,0,1.0,1.0,1.0,1,2,48,2,0.1228813559322034,0.18641999226111375,0.1228813559322034
85,0.008400000000000001,0.02145922746781116,1.0,0.04201680672268908,0,231,0,4,1.0,1.0,1.0,2,1,48,2,1.0,1.0,1.0,2,2,48,2,1.0,0.9090909090909091,0.9523809523809523,0,0,48,0,1.0,1.0,1.0,8,13,48,2,1.0,1.0,1.0,11,10,48,2,1.0,1.0,1.0,1,0,48,2,1.0,1.0,1.0,1,3,48,2,1.0,1.0,1.0,2,0,48,2,1.0,1.0,1.0,7,4,48,2,0.012875536480686695,1.0,0.02542372881355932,0,232,0,4,0.0,0.0,0.0,0,0,0,0,0.017167381974248927,1.0,0.03375527426160338,0,231,0,4,1.0,1.0,1.0,4,1,48,2,1.0,1.0,1.0,1,0,48,2,1.0,1.0,1.0,3,0,48,2,1.0,1.0,1.0,2,3,48,2,1.0,1.0,1.0,2,2,48,2,1.0,1.0,1.0,7,6,48,2,1.0,1.0,1.0,5,5,48,2,1.0,1.0,1.0,2,1,48,2,1.0,1.0,1.0,7,2,48,2,1.0,1.0,1.0,0,0,48,0,1.0,1.0,1.0,1,2,48,2,0.1228813559322034,0.18641999226111375,0.1228813559322034
86,0.0085,0.02145922746781116,1.0,0.04201680672268908,0,231,0,4,1.0,1.0,1.0,2,1,48,2,1.0,1.0,1.0,2,2,48,2,1.0,0.9090909090909091,0.9523809523809523,0,0,48,0,1.0,1.0,1.0,8,13,48,2,1.0,1.0,1.0,11,10,48,2,1.0,1.0,1.0,1,0,48,2,1.0,1.0,1.0,1,3,48,2,1.0,1.0,1.0,2,0,48,2,1.0,1.0,1.0,7,4,48,2,0.012875536480686695,1.0,0.02542372881355932,0,232,0,4,0.0,0.0,0.0,0,0,0,0,0.017167381974248927,1.0,0.03375527426160338,0,231,0,4,1.0,1.0,1.0,4,1,48,2,1.0,1.0,1.0,1,0,48,2,1.0,1.0,1.0,3,0,48,2,1.0,1.0,1.0,2,3,48,2,1.0,1.0,1.0,2,2,48,2,1.0,1.0,1.0,7,6,48,2,1.0,1.0,1.0,5,5,48,2,1.0,1.0,1.0,2,1,48,2,1.0,1.0,1.0,7,2,48,2,1.0,1.0,1.0,0,0,48,0,1.0,1.0,1.0,1,2,48,2,0.1228813559322034,0.18641999226111375,0.1228813559322034
87,0.0086,0.02145922746781116,1.0,0.04201680672268908,0,231,0,4,1.0,1.0,1.0,2,1,48,2,1.0,1.0,1.0,2,2,48,2,1.0,0.9090909090909091,0.9523809523809523,0,0,48,0,1.0,1.0,1.0,8,13,48,2,1.0,1.0,1.0,11,10,48,2,1.0,1.0,1.0,1,0,48,2,1.0,1.0,1.0,1,3,48,2,1.0,1.0,1.0,2,0,48,2,1.0,1.0,1.0,7,4,48,2,0.012875536480686695,1.0,0.02542372881355932,0,232,0,4,0.0,0.0,0.0,0,0,0,0,0.017167381974248927,1.0,0.03375527426160338,0,231,0,4,1.0,1.0,1.0,4,1,48,2,1.0,1.0,1.0,1,0,48,2,1.0,1.0,1.0,3,0,48,2,1.0,1.0,1.0,2,3,48,2,1.0,1.0,1.0,2,2,48,2,1.0,1.0,1.0,7,6,48,2,1.0,1.0,1.0,5,5,48,2,1.0,1.0,1.0,2,1,48,2,1.0,1.0,1.0,7,2,48,2,1.0,1.0,1.0,0,0,48,0,1.0,1.0,1.0,1,2,48,2,0.1228813559322034,0.18641999226111375,0.1228813559322034
88,0.008700000000000001,0.02145922746781116,1.0,0.04201680672268908,0,231,0,4,1.0,1.0,1.0,2,1,48,2,1.0,1.0,1.0,2,2,48,2,1.0,0.9090909090909091,0.9523809523809523,0,0,48,0,1.0,1.0,1.0,8,13,48,2,1.0,1.0,1.0,11,10,48,2,1.0,1.0,1.0,1,0,48,2,1.0,1.0,1.0,1,3,48,2,1.0,1.0,1.0,2,0,48,2,1.0,1.0,1.0,7,4,48,2,0.012875536480686695,1.0,0.02542372881355932,0,232,0,4,0.0,0.0,0.0,0,0,0,0,0.017167381974248927,1.0,0.03375527426160338,0,231,0,4,1.0,1.0,1.0,4,1,48,2,1.0,1.0,1.0,1,0,48,2,1.0,1.0,1.0,3,0,48,2,1.0,1.0,1.0,2,3,48,2,1.0,1.0,1.0,2,2,48,2,1.0,1.0,1.0,7,6,48,2,1.0,1.0,1.0,5,5,48,2,1.0,1.0,1.0,2,1,48,2,1.0,1.0,1.0,7,2,48,2,1.0,1.0,1.0,0,0,48,0,1.0,1.0,1.0,1,2,48,2,0.1228813559322034,0.18641999226111375,0.1228813559322034
89,0.0088,0.02145922746781116,1.0,0.04201680672268908,0,231,0,4,1.0,1.0,1.0,2,1,48,2,1.0,1.0,1.0,2,2,48,2,1.0,0.9090909090909091,0.9523809523809523,0,0,48,0,1.0,1.0,1.0,8,13,48,2,1.0,1.0,1.0,11,10,48,2,1.0,1.0,1.0,1,0,48,2,1.0,1.0,1.0,1,3,48,2,1.0,1.0,1.0,2,0,48,2,1.0,1.0,1.0,7,4,48,2,0.012875536480686695,1.0,0.02542372881355932,0,232,0,4,0.0,0.0,0.0,0,0,0,0,0.017167381974248927,1.0,0.03375527426160338,0,231,0,4,1.0,1.0,1.0,4,1,48,2,1.0,1.0,1.0,1,0,48,2,1.0,1.0,1.0,3,0,48,2,1.0,1.0,1.0,2,3,48,2,1.0,1.0,1.0,2,2,48,2,1.0,1.0,1.0,7,6,48,2,1.0,1.0,1.0,5,5,48,2,1.0,1.0,1.0,2,1,48,2,1.0,1.0,1.0,7,2,48,2,1.0,1.0,1.0,0,0,48,0,1.0,1.0,1.0,1,2,48,2,0.1228813559322034,0.18641999226111375,0.1228813559322034
90,0.0089,0.02145922746781116,1.0,0.04201680672268908,0,231,0,4,1.0,1.0,1.0,2,1,48,2,1.0,1.0,1.0,2,2,48,2,1.0,0.9090909090909091,0.9523809523809523,0,0,48,0,1.0,1.0,1.0,8,13,48,2,1.0,1.0,1.0,11,10,48,2,1.0,1.0,1.0,1,0,48,2,1.0,1.0,1.0,1,3,48,2,1.0,1.0,1.0,2,0,48,2,1.0,1.0,1.0,7,4,48,2,0.012875536480686695,1.0,0.02542372881355932,0,232,0,4,0.0,0.0,0.0,0,0,0,0,0.017167381974248927,1.0,0.03375527426160338,0,231,0,4,1.0,1.0,1.0,4,1,48,2,1.0,1.0,1.0,1,0,48,2,1.0,1.0,1.0,3,0,48,2,1.0,1.0,1.0,2,3,48,2,1.0,1.0,1.0,2,2,48,2,1.0,1.0,1.0,7,6,48,2,1.0,1.0,1.0,5,5,48,2,1.0,1.0,1.0,2,1,48,2,1.0,1.0,1.0,7,2,48,2,1.0,1.0,1.0,0,0,48,0,1.0,1.0,1.0,1,2,48,2,0.1228813559322034,0.18641999226111375,0.1228813559322034
91,0.009000000000000001,0.02145922746781116,1.0,0.04201680672268908,0,231,0,4,1.0,1.0,1.0,2,1,48,2,1.0,1.0,1.0,2,2,48,2,1.0,0.9090909090909091,0.9523809523809523,0,0,48,0,1.0,1.0,1.0,8,13,48,2,1.0,1.0,1.0,11,10,48,2,1.0,1.0,1.0,1,0,48,2,1.0,1.0,1.0,1,3,48,2,1.0,1.0,1.0,2,0,48,2,1.0,1.0,1.0,7,4,48,2,0.012875536480686695,1.0,0.02542372881355932,0,232,0,4,0.0,0.0,0.0,0,0,0,0,0.017167381974248927,1.0,0.03375527426160338,0,231,0,4,1.0,1.0,1.0,4,1,48,2,1.0,1.0,1.0,1,0,48,2,1.0,1.0,1.0,3,0,48,2,1.0,1.0,1.0,2,3,48,2,1.0,1.0,1.0,2,2,48,2,1.0,1.0,1.0,7,6,48,2,1.0,1.0,1.0,5,5,48,2,1.0,1.0,1.0,2,1,48,2,1.0,1.0,1.0,7,2,48,2,1.0,1.0,1.0,0,0,48,0,1.0,1.0,1.0,1,2,48,2,0.1228813559322034,0.18641999226111375,0.1228813559322034
92,0.0091,0.02145922746781116,1.0,0.04201680672268908,0,231,0,4,1.0,1.0,1.0,2,1,48,2,1.0,1.0,1.0,2,2,48,2,1.0,0.9090909090909091,0.9523809523809523,0,0,48,0,1.0,1.0,1.0,8,13,48,2,1.0,1.0,1.0,11,10,48,2,1.0,1.0,1.0,1,0,48,2,1.0,1.0,1.0,1,3,48,2,1.0,1.0,1.0,2,0,48,2,1.0,1.0,1.0,7,4,48,2,0.012875536480686695,1.0,0.02542372881355932,0,232,0,4,0.0,0.0,0.0,0,0,0,0,0.017167381974248927,1.0,0.03375527426160338,0,231,0,4,1.0,1.0,1.0,4,1,48,2,1.0,1.0,1.0,1,0,48,2,1.0,1.0,1.0,3,0,48,2,1.0,1.0,1.0,2,3,48,2,1.0,1.0,1.0,2,2,48,2,1.0,1.0,1.0,7,6,48,2,1.0,1.0,1.0,5,5,48,2,1.0,1.0,1.0,2,1,48,2,1.0,1.0,1.0,7,2,48,2,1.0,1.0,1.0,0,0,48,0,1.0,1.0,1.0,1,2,48,2,0.1228813559322034,0.18641999226111375,0.1228813559322034
93,0.0092,0.02145922746781116,1.0,0.04201680672268908,0,231,0,4,1.0,1.0,1.0,2,1,48,2,1.0,1.0,1.0,2,2,48,2,1.0,0.9090909090909091,0.9523809523809523,0,0,48,0,1.0,1.0,1.0,8,13,48,2,1.0,1.0,1.0,11,10,48,2,1.0,1.0,1.0,1,0,48,2,1.0,1.0,1.0,1,3,48,2,1.0,1.0,1.0,2,0,48,2,1.0,1.0,1.0,7,4,48,2,0.012875536480686695,1.0,0.02542372881355932,0,232,0,4,0.0,0.0,0.0,0,0,0,0,0.017167381974248927,1.0,0.03375527426160338,0,231,0,4,1.0,1.0,1.0,4,1,48,2,1.0,1.0,1.0,1,0,48,2,1.0,1.0,1.0,3,0,48,2,1.0,1.0,1.0,2,3,48,2,1.0,1.0,1.0,2,2,48,2,1.0,1.0,1.0,7,6,48,2,1.0,1.0,1.0,5,5,48,2,1.0,1.0,1.0,2,1,48,2,1.0,1.0,1.0,7,2,48,2,1.0,1.0,1.0,0,0,48,0,1.0,1.0,1.0,1,2,48,2,0.1228813559322034,0.18641999226111375,0.1228813559322034
94,0.009300000000000001,0.02145922746781116,1.0,0.04201680672268908,0,231,0,4,1.0,1.0,1.0,2,1,48,2,1.0,1.0,1.0,2,2,48,2,1.0,0.9090909090909091,0.9523809523809523,0,0,48,0,1.0,1.0,1.0,8,13,48,2,1.0,1.0,1.0,11,10,48,2,1.0,1.0,1.0,1,0,48,2,1.0,1.0,1.0,1,3,48,2,1.0,1.0,1.0,2,0,48,2,1.0,1.0,1.0,7,4,48,2,0.012875536480686695,1.0,0.02542372881355932,0,232,0,4,0.0,0.0,0.0,0,0,0,0,0.017167381974248927,1.0,0.03375527426160338,0,231,0,4,1.0,1.0,1.0,4,1,48,2,1.0,1.0,1.0,1,0,48,2,1.0,1.0,1.0,3,0,48,2,1.0,1.0,1.0,2,3,48,2,1.0,1.0,1.0,2,2,48,2,1.0,1.0,1.0,7,6,48,2,1.0,1.0,1.0,5,5,48,2,1.0,1.0,1.0,2,1,48,2,1.0,1.0,1.0,7,2,48,2,1.0,1.0,1.0,0,0,48,0,1.0,1.0,1.0,1,2,48,2,0.1228813559322034,0.18641999226111375,0.1228813559322034
95,0.0094,0.02145922746781116,1.0,0.04201680672268908,0,231,0,4,1.0,1.0,1.0,2,1,48,2,1.0,1.0,1.0,2,2,48,2,1.0,0.9090909090909091,0.9523809523809523,0,0,48,0,1.0,1.0,1.0,8,13,48,2,1.0,1.0,1.0,11,10,48,2,1.0,1.0,1.0,1,0,48,2,1.0,1.0,1.0,1,3,48,2,1.0,1.0,1.0,2,0,48,2,1.0,1.0,1.0,7,4,48,2,0.012875536480686695,1.0,0.02542372881355932,0,232,0,4,0.0,0.0,0.0,0,0,0,0,0.017167381974248927,1.0,0.03375527426160338,0,231,0,4,1.0,1.0,1.0,4,1,48,2,1.0,1.0,1.0,1,0,48,2,1.0,1.0,1.0,3,0,48,2,1.0,1.0,1.0,2,3,48,2,1.0,1.0,1.0,2,2,48,2,1.0,1.0,1.0,7,6,48,2,1.0,1.0,1.0,5,5,48,2,1.0,1.0,1.0,2,1,48,2,1.0,1.0,1.0,7,2,48,2,1.0,1.0,1.0,0,0,48,0,1.0,1.0,1.0,1,2,48,2,0.1228813559322034,0.18641999226111375,0.1228813559322034
96,0.0095,0.02145922746781116,1.0,0.04201680672268908,0,231,0,4,1.0,1.0,1.0,2,1,48,2,1.0,1.0,1.0,2,2,48,2,1.0,0.9090909090909091,0.9523809523809523,0,0,48,0,1.0,1.0,1.0,8,13,48,2,1.0,1.0,1.0,11,10,48,2,1.0,1.0,1.0,1,0,48,2,1.0,1.0,1.0,1,3,48,2,1.0,1.0,1.0,2,0,48,2,1.0,1.0,1.0,7,4,48,2,0.012875536480686695,1.0,0.02542372881355932,0,232,0,4,0.0,0.0,0.0,0,0,0,0,0.017167381974248927,1.0,0.03375527426160338,0,231,0,4,1.0,1.0,1.0,4,1,48,2,1.0,1.0,1.0,1,0,48,2,1.0,1.0,1.0,3,0,48,2,1.0,1.0,1.0,2,3,48,2,1.0,1.0,1.0,2,2,48,2,1.0,1.0,1.0,7,6,48,2,1.0,1.0,1.0,5,5,48,2,1.0,1.0,1.0,2,1,48,2,1.0,1.0,1.0,7,2,48,2,1.0,1.0,1.0,0,0,48,0,1.0,1.0,1.0,1,2,48,2,0.1228813559322034,0.18641999226111375,0.1228813559322034
97,0.009600000000000001,0.02145922746781116,1.0,0.04201680672268908,0,231,0,4,1.0,1.0,1.0,2,1,48,2,1.0,1.0,1.0,2,2,48,2,1.0,0.9090909090909091,0.9523809523809523,0,0,48,0,1.0,1.0,1.0,8,13,48,2,1.0,1.0,1.0,11,10,48,2,1.0,1.0,1.0,1,0,48,2,1.0,1.0,1.0,1,3,48,2,1.0,1.0,1.0,2,0,48,2,1.0,1.0,1.0,7,4,48,2,0.012875536480686695,1.0,0.02542372881355932,0,232,0,4,0.0,0.0,0.0,0,0,0,0,0.017167381974248927,1.0,0.03375527426160338,0,231,0,4,1.0,1.0,1.0,4,1,48,2,1.0,1.0,1.0,1,0,48,2,1.0,1.0,1.0,3,0,48,2,1.0,1.0,1.0,2,3,48,2,1.0,1.0,1.0,2,2,48,2,1.0,1.0,1.0,7,6,48,2,1.0,1.0,1.0,5,5,48,2,1.0,1.0,1.0,2,1,48,2,1.0,1.0,1.0,7,2,48,2,1.0,1.0,1.0,0,0,48,0,1.0,1.0,1.0,1,2,48,2,0.1228813559322034,0.18641999226111375,0.1228813559322034
98,0.0097,0.02145922746781116,1.0,0.04201680672268908,0,231,0,4,1.0,1.0,1.0,2,1,48,2,1.0,1.0,1.0,2,2,48,2,1.0,0.9090909090909091,0.9523809523809523,0,0,48,0,1.0,1.0,1.0,8,13,48,2,1.0,1.0,1.0,11,10,48,2,1.0,1.0,1.0,1,0,48,2,1.0,1.0,1.0,1,3,48,2,1.0,1.0,1.0,2,0,48,2,1.0,1.0,1.0,7,4,48,2,0.012875536480686695,1.0,0.02542372881355932,0,232,0,4,0.0,0.0,0.0,0,0,0,0,0.017167381974248927,1.0,0.03375527426160338,0,231,0,4,1.0,1.0,1.0,4,1,48,2,1.0,1.0,1.0,1,0,48,2,1.0,1.0,1.0,3,0,48,2,1.0,1.0,1.0,2,3,48,2,1.0,1.0,1.0,2,2,48,2,1.0,1.0,1.0,7,6,48,2,1.0,1.0,1.0,5,5,48,2,1.0,1.0,1.0,2,1,48,2,1.0,1.0,1.0,7,2,48,2,1.0,1.0,1.0,0,0,48,0,1.0,1.0,1.0,1,2,48,2,0.1228813559322034,0.18641999226111375,0.1228813559322034
99,0.0098,0.02145922746781116,1.0,0.04201680672268908,0,231,0,4,1.0,1.0,1.0,2,1,48,2,1.0,1.0,1.0,2,2,48,2,1.0,0.9090909090909091,0.9523809523809523,0,0,48,0,1.0,1.0,1.0,8,13,48,2,1.0,1.0,1.0,11,10,48,2,1.0,1.0,1.0,1,0,48,2,1.0,1.0,1.0,1,3,48,2,1.0,1.0,1.0,2,0,48,2,1.0,1.0,1.0,7,4,48,2,0.012875536480686695,1.0,0.02542372881355932,0,232,0,4,0.0,0.0,0.0,0,0,0,0,0.017167381974248927,1.0,0.03375527426160338,0,231,0,4,1.0,1.0,1.0,4,1,48,2,1.0,1.0,1.0,1,0,48,2,1.0,1.0,1.0,3,0,48,2,1.0,1.0,1.0,2,3,48,2,1.0,1.0,1.0,2,2,48,2,1.0,1.0,1.0,7,6,48,2,1.0,1.0,1.0,5,5,48,2,1.0,1.0,1.0,2,1,48,2,1.0,1.0,1.0,7,2,48,2,1.0,1.0,1.0,0,0,48,0,1.0,1.0,1.0,1,2,48,2,0.1228813559322034,0.18641999226111375,0.1228813559322034
100,0.0099,0.02145922746781116,1.0,0.04201680672268908,0,231,0,4,1.0,1.0,1.0,2,1,48,2,1.0,1.0,1.0,2,2,48,2,1.0,0.9090909090909091,0.9523809523809523,0,0,48,0,1.0,1.0,1.0,8,13,48,2,1.0,1.0,1.0,11,10,48,2,1.0,1.0,1.0,1,0,48,2,1.0,1.0,1.0,1,3,48,2,1.0,1.0,1.0,2,0,48,2,1.0,1.0,1.0,7,4,48,2,0.012875536480686695,1.0,0.02542372881355932,0,232,0,4,0.0,0.0,0.0,0,0,0,0,0.017167381974248927,1.0,0.03375527426160338,0,231,0,4,1.0,1.0,1.0,4,1,48,2,1.0,1.0,1.0,1,0,48,2,1.0,1.0,1.0,3,0,48,2,1.0,1.0,1.0,2,3,48,2,1.0,1.0,1.0,2,2,48,2,1.0,1.0,1.0,7,6,48,2,1.0,1.0,1.0,5,5,48,2,1.0,1.0,1.0,2,1,48,2,1.0,1.0,1.0,7,2,48,2,1.0,1.0,1.0,0,0,48,0,1.0,1.0,1.0,1,2,48,2,0.1228813559322034,0.18641999226111375,0.1228813559322034
101,0.01,0.02145922746781116,1.0,0.04201680672268908,0,231,0,4,1.0,1.0,1.0,2,1,48,2,1.0,1.0,1.0,2,2,48,2,1.0,0.9090909090909091,0.9523809523809523,0,0,48,0,1.0,1.0,1.0,8,13,48,2,1.0,1.0,1.0,11,10,48,2,1.0,1.0,1.0,1,0,48,2,1.0,1.0,1.0,1,3,48,2,1.0,1.0,1.0,2,0,48,2,1.0,1.0,1.0,7,4,48,2,0.012875536480686695,1.0,0.02542372881355932,0,232,0,4,0.0,0.0,0.0,0,0,0,0,0.017167381974248927,1.0,0.03375527426160338,0,231,0,4,1.0,1.0,1.0,4,1,48,2,1.0,1.0,1.0,1,0,48,2,1.0,1.0,1.0,3,0,48,2,1.0,1.0,1.0,2,3,48,2,1.0,1.0,1.0,2,2,48,2,1.0,1.0,1.0,7,6,48,2,1.0,1.0,1.0,5,5,48,2,1.0,1.0,1.0,2,1,48,2,1.0,1.0,1.0,7,2,48,2,1.0,1.0,1.0,0,0,48,0,1.0,1.0,1.0,1,2,48,2,0.1228813559322034,0.18641999226111375,0.1228813559322034
